"Workflow Name","Document Type","Workflow State Field","Is Active","Don't Override Status","Send Email Alert","ID (Document States)","State (Document States)","Only Allow Edit For (Document States)","Doc Status (Document States)","Update Field (Document States)","Update Value (Document States)","Is Optional State (Document States)","Next Action Email Template (Document States)","Message (Document States)","ID (Transitions)","State (Transitions)","Action (Transitions)","Next State (Transitions)","Allowed (Transitions)","Allow Self Approval (Transitions)","Condition (Transitions)"
"Interest Posting","Interest Posting","workflow_state",1,0,0,"4d0aa6166a","Draft","Investment Preparer","0","","",0,"","","0d6a31f57b","Draft","Confirm","Pending Approval","Investment Preparer",1,""
"","","","","","","6998fe29e8","Pending Approval","Investment Approver","0","","",0,"","","2663750ae6","Pending Approval","Approve","Approved","Investment Approver",1,""
"","","","","","","66fbf21750","Approved","Investment Approver","1","status","Open",0,"","","98d43c5254","Pending Approval","Reject","Draft","Investment Approver",1,""
"","","","","","","53d81db491","Cancelled","Investment Approver","1","","",0,"","","5d2de1688e","Pending Approval","Cancel","Cancelled","Investment Approver",1,""
"Investment Maintenance","Investment Maintenance","workflow_state",1,0,0,"2eaa1e3765","Draft","Investment Preparer","0","","",0,"","","5c3eefe04c","Draft","Confirm","Pending Approval","Investment Preparer",1,""
"","","","","","","5a30ba6a90","Pending Approval","Investment Approver","0","","",0,"","","9855f0d688","Pending Approval","Approve","Approved","Investment Approver",1,""
"","","","","","","48a6771294","Approved","Investment Approver","1","","",0,"","","3f928c2837","Pending Approval","Reject","Draft","Investment Approver",1,""
"","","","","","","00e852ac58","Cancelled","Investment Approver","1","","",0,"","","3014fc5729","Pending Approval","Cancel","Cancelled","Investment Approver",1,""
"Asset","Asset","workflow_state",1,0,0,"5e895c00d4","Draft","PO Preparer","0","","",0,"","","83545ab9ad","Draft","Confirm","Pending Approval","PO Preparer",1,""
"","","","","","","d8d0fad576","Pending Approval","Asset Approver","0","","",0,"","","c2c8cc3f22","Pending Approval","Approve","Approved","Asset Approver",1,""
"","","","","","","5d735e2227","Approved","Asset Approver","1","","",0,"","","6153b00475","Pending Approval","Reject","Rejected","PO Preparer",1,""
"","","","","","","8e90d4ddcb","Cancelled","Asset Approver","2","","",0,"","","490feb6267","Approved","Cancel","Cancelled","Asset Approver",1,""
"","","","","","","8b6e498e32","Rejected","PO Preparer","1","","",0,"","","","","","","","",""
"Expense Claim","Expense Claim","workflow_state",1,0,0,"94815ae1c5","Draft","Employee","0","","",0,"","","3b68c6d384","Draft","Confirm","Pending Preparer (PTJ)","Employee",1,""
"","","","","","","918d47e5ea","Pending Preparer (PTJ)","PO Preparer","0","","",0,"","","51b7daf314","Pending Preparer (PTJ)","Confirm","Pending Approval (PTJ)","PO Preparer",1,"doc.expense_approver is None"
"","","","","","","ebbfa4a39b","Pending Approval (PTJ)","Approver (PTJ)","0","","",1,"","","c6a3fc591d","Pending Preparer (PTJ)","Confirm","Pending Approval (HOD)","PO Preparer",1,"doc.expense_approver is not None"
"","","","","","","cec6d0c29c","Pending Approval (HOD)","HOD Claim Approver","0","","",1,"","","3ab8321a11","Pending Preparer (PTJ)","Reject","Rejected","PO Preparer",1,""
"","","","","","","ae5a077041","Pending Preparer Bendahari","PO Bendahari","0","","",0,"","","73c9d4f4b5","Pending Approval (PTJ)","Approve","Pending Preparer Bendahari","Approver (PTJ)",0,""
"","","","","","","d768fc74f5","Pending Approval Bendahari","Approver Bendahari","0","","",0,"","","83a102f603","Pending Approval (PTJ)","Reject","Rejected","Approver (PTJ)",0,""
"","","","","","","7fbd5b39c4","Approved","Approver Bendahari","1","","",0,"","","fd1a386c45","Pending Approval (HOD)","Approve","Pending Preparer Bendahari","HOD Claim Approver",0,""
"","","","","","","e21c794bf1","Rejected","Employee","0","","",0,"","","df4add427e","Pending Approval (HOD)","Reject","Rejected","HOD Claim Approver",0,""
"","","","","","","05234c7aa9","Cancelled","Approver Bendahari","2","","",0,"","","5140057721","Pending Preparer Bendahari","Confirm","Pending Approval Bendahari","PO Bendahari",0,""
"","","","","","","9face013f4","Not Approved","Approver Bendahari","0","","",0,"","","c1f656eed7","Pending Preparer Bendahari","Reject","Rejected","PO Bendahari",0,""
"","","","","","","","","","","","","","","","dc5086efdb","Pending Approval Bendahari","Approve","Approved","Approver Bendahari",0,""
"","","","","","","","","","","","","","","","5b82430da5","Pending Approval Bendahari","Reject","Rejected","Approver Bendahari",0,""
"","","","","","","","","","","","","","","","2448f06275","Pending Approval Bendahari","Not Approved","Not Approved","Approver Bendahari",0,""
"","","","","","","","","","","","","","","","49a22d5f56","Rejected","Confirm","Pending Preparer (PTJ)","Employee",1,""
"","","","","","","","","","","","","","","","4c0b5a72ab","Approved","Cancel","Cancelled","Approver Bendahari",0,""
"Payment Entry","Payment Entry","workflow_state",1,0,0,"f8f567c046","Draft AP","AP Preparer","0","","",0,"","","d4aa12da96","Draft AP","Confirm","Pending Reviewer AP","PO Bendahari",1,"doc.payment_type == ""Pay"""
"","","","","","","bdeb299a13","Draft AR","AR Preparer","0","","",0,"","","13f7be36ac","Draft AR","Confirm","Pending Approval AR","AR Preparer",1,"doc.payment_type == ""Receive"""
"","","","","","","2d2d7e4752","Pending Reviewer AP","AP Reviewer","0","","",0,"","","30b2fa1463","Pending Approval AR","Approve","Closed AR","AR Approver",1,"doc.payment_type == ""Receive"""
"","","","","","","4afe69b146","Pending Approval AR","AR Approver","0","","",0,"","","e3af28aa3e","Pending Approval AR","Reject","Draft AR","AR Approver",1,"doc.payment_type == ""Receive"""
"","","","","","","f60fdcd9de","Pending Approval AP","AP Approver","0","","",0,"","","aa52c765d0","Approved AR","Cancel","Cancelled AR","AR Approver",1,""
"","","","","","","03fa5e0db6","Rejected AR","AR Preparer","0","","",0,"","","c460c916a3","Pending Reviewer AP","Confirm","Pending Approval AP","AP Reviewer",1,""
"","","","","","","d64fb572a3","Rejected AP","AP Preparer","0","","",0,"","","b39d89bc88","Pending Approval AP","Approve","Approved AP","AP Approver",1,"doc.payment_type == ""Pay"""
"","","","","","","9c415f546c","Approved AR","AR Approver","1","","",0,"","","6dcc738701","Pending Approval AP","Reject","Draft AP","AP Approver",1,"doc.payment_type == ""Pay"""
"","","","","","","509f114d0c","Approved AP","AP Approver","1","","",0,"","","7fe19bb9f2","Approved AP","Cancel","Cancelled AP","AP Approver",1,""
"","","","","","","6d3828cb48","Cancelled AR","AR Preparer","2","","",0,"","","","","","","","",""
"","","","","","","2bfd578eef","Cancelled AP","AP Preparer","2","","",0,"","","","","","","","",""
"","","","","","","8d79b3b354","Closed AR","AR Approver","1","","",0,"","","","","","","","",""
"","","","","","","ce8221f5a2","Closed AP","AP Approver","1","","",0,"","","","","","","","",""
"Manual Budget Transaction","Manual Budget Transaction","workflow_state",1,0,0,"e8e358045e","Draft","Budget Preparer Bendahari","0","","",0,"","","8cc17d6f95","Draft","Confirm","Pending Approval","Budget Preparer Bendahari",1,""
"","","","","","","23b7ce6f70","Pending Approval","Budgets Approver","0","","",0,"","","306bf6585b","Pending Approval","Approve","Approved","Budgets Approver",1,""
"","","","","","","63decbfbca","Rejected","Budget Preparer Bendahari","0","","",0,"","","ccb0a0092f","Pending Approval","Reject","Rejected","Budgets Approver",1,""
"","","","","","","371900c7ac","Approved","Budgets Approver","1","","",0,"","","9ac9a36d63","Rejected","Confirm","Pending Approval","Budget Preparer Bendahari",1,""
"","","","","","","997fe8b526","Cancelled","Budgets Approver","2","","",0,"","","231bb4238a","Approved","Cancel","Cancelled","Budgets Approver",1,""
"Manual Budget Adjustment","Manual Budget Adjustment","workflow_state",1,0,0,"e316c99d6a","Draft","Budget Preparer Bendahari","0","","",0,"","","521294685d","Draft","Confirm","Pending Approval","Budget Preparer Bendahari",1,""
"","","","","","","f5f2456eb8","Pending Approval","Budgets Approver","0","","",0,"","","5c7d0d31f5","Pending Approval","Approve","Approved","Budgets Approver",1,""
"","","","","","","e6e8e42643","Rejected","Budget Preparer Bendahari","0","","",0,"","","690d9f9ca5","Pending Approval","Reject","Rejected","Budgets Approver",1,""
"","","","","","","1765440576","Approved","Budgets Approver","1","","",0,"","","5214809f1c","Rejected","Confirm","Pending Approval","Budget Preparer Bendahari",1,""
"","","","","","","01f5243920","Cancelled","Budgets Approver","2","","",0,"","","cff9b94927","Approved","Cancel","Cancelled","Budgets Approver",1,""
"Travel Request","Travel Request","workflow_state",1,0,0,"600f2da7ab","Draft","Employee","0","","",0,"","","352b07253d","Draft","Confirm","Pending Preparer","Employee",1,""
"","","","","","","611b6555db","Pending Preparer","PO Preparer","0","","",0,"","","c5aa940a41","Rejected","Confirm","Pending Preparer","Employee",1,""
"","","","","","","2ff795ad31","Pending Approval","Approver (PTJ)","0","","",1,"","","bfc1de9238","Pending Preparer","Confirm","Pending Approval","PO Preparer",1,"doc.custom_hod_approver is None"
"","","","","","","be191afa20","Rejected","Employee","0","","",0,"","","29bc34852f","Pending Preparer","Confirm","Pending Approval (HOD)","PO Preparer",1,"doc.custom_hod_approver is not None"
"","","","","","","eb3d3316d4","Approved","Approver (PTJ)","1","","",0,"","","78a288814f","Pending Preparer","Reject","Rejected","PO Preparer",0,""
"","","","","","","ad7fea42a0","Cancelled","Approver (PTJ)","2","","",0,"","","8a1f929831","Pending Approval","Approve","Approved","Approver (PTJ)",0,""
"","","","","","","dd3f7e84ba","Pending Approval (HOD)","HOD Claim Approver","0","","",1,"","","cc48fdddf4","Pending Approval","Reject","Rejected","Approver (PTJ)",0,""
"","","","","","","","","","","","","","","","031a414f02","Pending Approval (HOD)","Approve","Approved","HOD Claim Approver",0,""
"","","","","","","","","","","","","","","","37bd2aea64","Pending Approval (HOD)","Reject","Rejected","HOD Claim Approver",0,""
"Employee Advance","Employee Advance","workflow_state",1,0,0,"a9f18cb183","Draft","Employee","0","","",0,"","","aca74ff5d9","Draft","Confirm","Pending Preparer (PTJ)","Employee",1,""
"","","","","","","4300d75f75","Pending Preparer (PTJ)","PO Preparer","0","","",0,"","","cbfc0a2b3e","Pending Preparer (PTJ)","Confirm","Pending Approval (PTJ)","PO Preparer",1,"doc.custom_approver_employee_advance is None"
"","","","","","","d7dce41160","Pending Approval (PTJ)","Approver (PTJ)","0","","",1,"","","7e3d2a52ad","Pending Preparer (PTJ)","Confirm","Pending Approval (HOD)","PO Preparer",1,"doc.custom_approver_employee_advance is not None
"
"","","","","","","7d6d4e858c","Pending Approval (HOD)","HOD Claim Approver","0","","",1,"","","1acf8e9753","Pending Preparer (PTJ)","Reject","Rejected","PO Preparer",1,""
"","","","","","","afa56362b3","Pending Preparer Bendahari","PO Bendahari","0","","",0,"","","010a0a4a26","Pending Approval (PTJ)","Approve","Pending Preparer Bendahari","Approver (PTJ)",0,""
"","","","","","","aedcfcde99","Pending Approval Bendahari","Approver Bendahari","0","","",0,"","","ad762b92e3","Pending Approval (HOD)","Approve","Pending Preparer Bendahari","HOD Claim Approver",0,""
"","","","","","","fff13a14b4","Approved","Approver Bendahari","1","","",0,"","","10d8a8d889","Approved","Cancel","Cancelled","Approver Bendahari",0,""
"","","","","","","5fccd48269","Rejected","Employee","0","","",0,"","","830d1843a7","Pending Approval (HOD)","Reject","Rejected","HOD Claim Approver",0,""
"","","","","","","8c747d5e94","Cancelled","Approver Bendahari","2","","",0,"","","4a9f012aa3","Pending Approval (PTJ)","Reject","Rejected","Approver (PTJ)",0,""
"","","","","","","3963e251bb","Not Approved","Approver Bendahari","0","","",0,"","","52b60a49b3","Pending Preparer Bendahari","Confirm","Pending Approval Bendahari","PO Bendahari",0,""
"","","","","","","","","","","","","","","","67df1b82e6","Pending Preparer Bendahari","Reject","Rejected","PO Bendahari",1,""
"","","","","","","","","","","","","","","","e35291367f","Pending Approval Bendahari","Approve","Approved","Approver Bendahari",0,""
"","","","","","","","","","","","","","","","0d2d74e53f","Pending Approval Bendahari","Reject","Rejected","Approver Bendahari",0,""
"","","","","","","","","","","","","","","","8a333c1160","Rejected","Confirm","Pending Preparer (PTJ)","Employee",1,""
"","","","","","","","","","","","","","","","2d39c54af6","Pending Approval Bendahari","Not Approved","Not Approved","Approver Bendahari",0,""
"Salary Adjustment Statement","Salary Adjustment Statement","workflow_state",1,0,0,"55f66de82b","Draft","HR User","0","","",0,"","","627518f57e","Draft","Confirm","Pending Reviewer","HR User",1,""
"","","","","","","d9ebea6940","Pending Approval","HR User","0","","",0,"","","9fd9ea5fa8","Pending Reviewer","Confirm","Pending Approval","Payroll Reviewer",1,""
"","","","","","","bff7d0b714","Approved","HR Manager","1","","",0,"","","a1f60283c3","Pending Reviewer","Return","Draft","Payroll Reviewer",1,""
"","","","","","","025a229153","Cancelled","HR Manager","2","","",0,"","","1c4e0f6e2d","Pending Approval","Approve","Approved","HR Manager",1,""
"","","","","","","abdb0122bf","Pending Reviewer","Payroll Reviewer","0","","",0,"","","132dd9083c","Pending Approval","Return","Draft","HR Manager",1,""
"","","","","","","655c3c32bd","Rejected","HR Manager","0","","",0,"","","4c5ea66e0d","Pending Approval","Reject","Rejected","HR Manager",1,""
"Engagement Verification","Engagement","workflow_state",1,0,0,"f767db9b5e","Draft","Employee","0","workflow_state","Draft",0,"","","e829191c3b","Draft","Submit","Pending Verification (HOD / Liaison Officer)","Employee",1,""
"","","","","","","e2c7cb360c","Pending Verification (HOD / Liaison Officer)","Employee","1","workflow_state","Pending Verification (HOD / Liaison Officer)",0,"","","cc9cb24153","Pending Verification (HOD / Liaison Officer)","Verify","Pending Verification (PKLI)","Employee",1,""
"","","","","","","f8fc724587","Verified","Employee","1","workflow_state","Verified",0,"","","c9abcd9c18","Pending Verification (HOD / Liaison Officer)","Reject","Rejected","Employee",1,""
"","","","","","","494a67f54a","Rejected","Employee","1","workflow_state","Rejected",0,"","","e6f5321e0a","Pending Verification (HOD / Liaison Officer)","Request Revision","Awaiting Revision","Employee",1,""
"","","","","","","1044743a5d","Awaiting Revision","Employee","1","workflow_state","Awaiting Revision",0,"","","3f15bde471","Pending Verification (PKLI)","Verify","Verified","Secretariat PKLI",1,""
"","","","","","","00bb920827","Pending Verification (PKLI)","Secretariat PKLI","1","workflow_state","Pending Verification (PKLI)",0,"","","5ee293dfdb","Pending Verification (PKLI)","Reject","Rejected","Secretariat PKLI",1,""
"Consultation Workflow","Consultancy Project Registration","workflow_state",1,0,0,"945236b466","Draft","Employee","0","workflow_state","Draft",0,"","","8c8937860c","Draft","Submit","Pending for HOD Approval","Employee",1,"doc.flag == 0 and frappe.session.user != doc.hod_email"
"","","","","","","799a4b2ece","Pending for HOD Approval","Employee","1","workflow_state","Pending for HOD Approval",0,"","","fb39e05dc1","Draft","Submit","Amendment","Employee",1,"doc.flag == 1"
"","","","","","","dc0ef65996","Pending for Document Verification","Secretariat Consultant","1","workflow_state","Pending for Document Verification",0,"","","84ad8ad67e","Draft","Submit","Pending for Document Verification","Employee",1,"doc.flag == 0 and frappe.session.user == doc.hod_email"
"","","","","","","4d0e7584f7","Rejected By HOD","Employee","1","workflow_state","Rejected By HOD",0,"","","b37c899065","Pending for HOD Approval","Approve","Pending for Document Verification","Employee",0,""
"","","","","","","99aff6efae","Pending Approval","Employee","1","workflow_state","Pending Approval",0,"","","778c4a362a","Pending for HOD Approval","Reject","Rejected By HOD","Employee",0,""
"","","","","","","d7d7a735d3","Pending for Revert","Employee","1","workflow_state","Pending for Revert",0,"","","f198d5a2df","Pending for Document Verification","Verify","Pending Approval","Secretariat Consultant",0,""
"","","","","","","c49f4a46e1","Amendment","Secretariat Consultant","1","workflow_state","Amendment",0,"","","60c7050304","Pending for Document Verification","Reject","Rejected By Secretariat","Secretariat Consultant",0,""
"","","","","","","b4a659401e","Approved By PPIP","Employee","1","workflow_state","Approved By PPIP",0,"","","70dd48656c","Pending for Document Verification","Revert","Pending for Revert","Secretariat Consultant",0,""
"","","","","","","6e3bc3275e","Application Rejected","Employee","1","workflow_state","Application Rejected",0,"","","df3616fc41","Pending Approval","Approve","Pending ID Registration","Employee",0,"doc.project_value <= 300000"
"","","","","","","02b33e59aa","Approved By TNC","Employee","1","workflow_state","Approved By TNC",0,"","","fc0161d317","Pending Approval","Reject","Application Rejected","Employee",0,"doc.project_value <= 300000"
"","","","","","","038b12c1f5","Rejected By TNC","Employee","1","workflow_state","Rejected By TNC",0,"","","32014cd362","Pending Approval","Approve","Pending ID Registration","Employee",0,"300000 < doc.project_value <= 500000"
"","","","","","","6552944d1f","Approved By NC","Employee","1","workflow_state","Approved By NC",0,"","","727cf12ca6","Pending Approval","Reject","Rejected By TNC","Employee",0,"300000 < doc.project_value <= 500000"
"","","","","","","427370876e","Rejected By NC","Employee","1","workflow_state","Rejected By NC",0,"","","eac9a54cfa","Pending Approval","Approve","Pending ID Registration","Employee",0,"doc.project_value > 500000"
"","","","","","","4af668d2cf","Pending ID Registration","Secretariat Consultant","1","workflow_state","Pending ID Registration",0,"","","f5af2b5094","Pending Approval","Reject","Rejected By NC","Employee",0,"doc.project_value > 500000"
"","","","","","","a2c0784015","Application Approved","Employee","1","workflow_state","Application Approved",0,"","","2d0380484d","Amendment","Verify","Pending Approval","Employee",1,""
"","","","","","","f359431e87","Rejected By Secretariat","Employee","1","workflow_state","Rejected By Secretariat",0,"","","132a5d1b2a","Amendment","Revert","Pending for Revert","Employee",1,""
"","","","","","","3f23345774","Pending for Report","Employee","1","workflow_state","Pending for Report",0,"","","","","","","","",""
"Movable Asset Application Workflow","Movable Asset Application","workflow_state",1,0,0,"f71bf9fb88","Pending","All","0","status","Pending",0,"","","aaa6ef505d","Pending","Confirm","Pending For PL/SV/HOD Approval","All",1,"doc.plsvhod != doc.asset_hod"
"","","","","","","c4a522e622","Pending For PL/SV/HOD Approval","Movable Asset Approver","1","status","Pending For PL/SV/HOD Approval",0,"","","9e6374b96d","Pending","Confirm","Pending For Asset HOD Approval","All",1,"doc.plsvhod == doc.asset_hod"
"","","","","","","15a5cee873","Pending For Asset HOD Approval","Movable Asset Approver","1","status","Pending For Asset HOD Approval",0,"","","71ecde867a","Pending For PL/SV/HOD Approval","Approve","Pending For Asset HOD Approval","Movable Asset Approver",1,""
"","","","","","","7288344cf9","Approved","Movable Asset Approver","1","status","Approved",0,"","","05857730b9","Pending For PL/SV/HOD Approval","Reject","Rejected","Movable Asset Approver",1,""
"","","","","","","aa6030ac9e","Rejected","Movable Asset Approver","1","status","Rejected",0,"","","8031649f79","Pending For Asset HOD Approval","Approve","Approved","Movable Asset Approver",1,""
"","","","","","","","","","","","","","","","b16e8df7e3","Pending For Asset HOD Approval","Reject","Rejected","Movable Asset Approver",1,""
"Public OBAS Invoice","OBAS Invoice","workflow_state",1,0,0,"b078af66f2","Draft","Instrument Secretariat","0","workflow_state","Draft",0,"","","bb9732b4f6","Draft","Create","Invoiced","Instrument Secretariat",1,""
"","","","","","","7cd647ec50","Approved By PL/SV","Instrument Secretariat","1","workflow_state","Approved By PL/SV",0,"","","","","","","","",""
"","","","","","","2e23a81720","Invoiced","Instrument Secretariat","1","workflow_state","Invoiced",0,"","","","","","","","",""
"","","","","","","b9ccbabf9d","Paid","Instrument Secretariat","1","workflow_state","Paid",0,"","","","","","","","",""
"","","","","","","666a7ddf2e","Cancel Expired Invoice","Instrument Secretariat","1","workflow_state","Cancel Expired Invoice",0,"","","","","","","","",""
"","","","","","","79b42d56c4","Invoice Cancelled","Instrument Manager","2","workflow_state","Invoice Cancelled",0,"","","","","","","","",""
"strategic plan fund wf","Strategic Plan Fund","workflow_state",1,0,0,"6bc53e375d","Draft","Employee","0","workflow_state","Draft",0,"","","2ef18bcd42","Draft","Submit","Pending Verification (HOD / Liaison Officer)","Employee",1,""
"","","","","","","7eba31887d","Pending Verification (HOD / Liaison Officer)","Employee","1","workflow_state","Pending Verification (HOD / Liaison Officer)",0,"","","b76a3e8c02","Pending Verification (HOD / Liaison Officer)","Verify","Pending Verification (PKLI)","Employee",1,""
"","","","","","","17bb283467","Pending Verification (PKLI)","Secretariat PKLI","1","workflow_state","Pending Verification (PKLI)",0,"","","712469734e","Pending Verification (HOD / Liaison Officer)","Reject","Rejected","Employee",1,""
"","","","","","","edf66d1614","Awaiting Revision","Employee","1","workflow_state","Awaiting Revision",0,"","","c24630582a","Pending Verification (HOD / Liaison Officer)","Request Revision","Awaiting Revision","Employee",1,""
"","","","","","","9fb2a961ca","Verified","Employee","1","workflow_state","Verified",0,"","","9b10d61167","Pending Verification (PKLI)","Verify","Verified","Secretariat PKLI",1,""
"","","","","","","6726980e1f","Rejected","Employee","1","workflow_state","Rejected",0,"","","433a0b89b1","Pending Verification (PKLI)","Reject","Rejected","Secretariat PKLI",1,""
"ceofaculty workflow","CEOFaculty","workflow_state",1,0,0,"88af58cd38","Draft","Employee","0","workflow_state","Draft",0,"","","37172134c8","Draft","Submit","Pending Verification (HOD / Liaison Officer)","Employee",1,"doc.ispkli == 0"
"","","","","","","d2a5b2012f","Pending Verification (HOD / Liaison Officer)","Employee","1","workflow_state","Pending Verification (HOD / Liaison Officer)",0,"","","e27b53f914","Draft","Submit","Verified","Secretariat PKLI",1,""
"","","","","","","adbeec076e","Pending Verification (PKLI)","Secretariat PKLI","1","workflow_state","Pending Verification (PKLI)",0,"","","16cb11e5a2","Pending Verification (HOD / Liaison Officer)","Verify","Pending Verification (PKLI)","Employee",1,""
"","","","","","","fac8dd5780","Awaiting Revision","Employee","1","workflow_state","Awaiting Revision",0,"","","66189fc86a","Pending Verification (HOD / Liaison Officer)","Reject","Rejected","Employee",1,""
"","","","","","","6da4f95bc2","Verified","Employee","1","workflow_state","Verified",0,"","","5921d9dceb","Pending Verification (HOD / Liaison Officer)","Request Revision","Awaiting Revision","Employee",1,""
"","","","","","","dea8520d4e","Rejected","Employee","1","workflow_state","Rejected",0,"","","fcb571b132","Pending Verification (PKLI)","Verify","Verified","Secretariat PKLI",1,""
"","","","","","","","","","","","","","","","b67c5a8ac2","Pending Verification (PKLI)","Reject","Rejected","Secretariat PKLI",1,""
"wf-result-ecm","Result Exhibition Competition","workflow_state",1,0,0,"d2d0cef6af","Draft","Employee","0","workflow_state","Draft",0,"","","856797c9c6","Draft","Submit","Pending","Employee",1,"doc.applicant_email == frappe.session.user and doc.if_sc != ""I"""
"","","","","","","44f5ae89bf","Pending","Employee","1","workflow_state","Pending",0,"","","51dfc69591","Draft","Verify","Verified","Employee",1,"doc.applicant_email != frappe.session.user and doc.if_sc == ""I"""
"","","","","","","eb136d803b","Verified","Employee","1","workflow_state","Verified",0,"","","129f590243","Pending","Verify","Verified","Employee",1,""
"","","","","","","65e2b7fa71","Rejected","Employee","1","workflow_state","Rejected",0,"","","777f3d67ae","Pending","Reject","Rejected","Employee",1,"doc.if_sc != ""I"""
"Dana","Permohonan Dana","workflow_state",1,0,0,"ca5d5155c1","Draft","Employee","0","workflow_state","Draft",0,"","","3a8ba5499b","Draft","Submit","Amendment","Employee",1,"doc.committee_percentage > 0"
"","","","","","","db7860f249","Pending for HOD Approval","Employee","1","workflow_state","Pending for HOD Approval",0,"","","122c4ab20d","Draft","Submit","Pending for HOD Approval","Employee",1,"doc.committee_percentage < 1"
"","","","","","","c167b25b06","Pending for Revert","Secretariat PKLM","1","workflow_state","Pending for Revert",0,"","","1917bd2d51","Draft","Submit","Approved By HOD","Employee",1,"doc.dana_type == ""OFS"" or doc.dana_type == ""OWF"""
"","","","","","","3735a54f40","Verified By HOD","Secretariat PKLM","1","workflow_state","Verified By HOD",0,"","","1389353305","Pending for HOD Approval","Approve","Verified By HOD","Employee",1,""
"","","","","","","ca9ec3cd69","Rejected By HOD","Secretariat PKLM","1","workflow_state","Rejected By HOD",0,"","","88aec415d2","Pending for HOD Approval","Reject","Rejected By HOD","Employee",1,""
"","","","","","","124df03284","Approved By HOD","Secretariat PKLM","1","workflow_state","Approved By HOD",0,"","","b73f6ac504","Verified By HOD","Verify","Evaluation","Secretariat PKLM",1,""
"","","","","","","95ac4c4661","Evaluation","Evaluation Committee","1","workflow_state","Evaluation",0,"","","c7f4f32bbb","Verified By HOD","Reject","Application Rejected","Secretariat PKLM",1,""
"","","","","","","5ac12f9d64","Evaluation Completed","Secretariat PKLM","1","workflow_state","Evaluation Completed",0,"","","7cf49f13f6","Approved By HOD","Review","Reviewed By Secretariat","Secretariat PKLM",1,""
"","","","","","","cae1fdf230","Application Rejected","Secretariat PKLM","1","workflow_state","Application Rejected",0,"","","009be8d46e","Amendment","Verify","Pending for HOD PKLM Approval","Secretariat PKLM",1,""
"","","","","","","52265b441b","Application Reverted","Secretariat PKLM","1","workflow_state","Application Reverted",0,"","","92bfbefa07","Amendment","Revert","Pending for Revert","Secretariat PKLM",1,""
"","","","","","","c5dd85f998","Pending for HOD PKLM Approval","Secretariat PKLM","1","workflow_state","Pending for HOD PKLM Approval",0,"","","717064a9b5","Pending for HOD PKLM Approval","Approve","Approved By PKLM","Employee",1,""
"","","","","","","c6f2696eef","Amendment","Secretariat PKLM","1","workflow_state","Amendment",0,"","","c7acbba40d","Pending for HOD PKLM Approval","Reject","Rejected","Employee",1,""
"","","","","","","67f5cbfc13","Approved By PKLM","Employee","1","workflow_state","Approved By PKLM",0,"","","61c4c1971b","Reviewed By Secretariat","Approve","Approved By PKLM","Employee",1,""
"","","","","","","2a70362660","Reviewed By Secretariat","Employee","1","workflow_state","Reviewed By Secretariat",0,"","","1774376cff","Reviewed By Secretariat","Reject","Rejected","Employee",1,""
"","","","","","","9c40bc90fc","Cancelled","Employee","2","workflow_state","Cancelled",0,"","","c112a5ad76","Evaluation Completed","Verify","Pending for HOD PKLM Approval","Secretariat PKLM",1,""
"","","","","","","bbca344055","Rejected","Employee","1","workflow_state","Rejected",0,"","","5c0adc52d0","Evaluation Completed","Revert","Pending for Revert","Secretariat PKLM",1,""
"","","","","","","","","","","","","","","","6b4cdd0d70","Evaluation Completed","Reject","Application Rejected","Secretariat PKLM",1,""
"OBAS WF","Analysis Service Application","workflow_state",1,0,0,"f22adc6f4f","Draft","Employee","0","workflow_state","Draft",0,"","","1835480de6","Draft","Submit","Applied","Employee",1,""
"","","","","","","76dd18ba17","Applied","Employee","1","workflow_state","Applied",0,"","","","","","","","",""
"Analysis WF","Analysis","workflow_state",0,0,0,"7adbdb58ea","Pending Approval By Instrument Manager","Instrument Manager","0","workflow_state","Pending Approval By Instrument Manager",0,"","","f2607315de","Pending Approval By Instrument Manager","Verify","Pending For Invoice","Instrument Manager",1,""
"","","","","","","7ee153d260","Rejected By Instrument Manager","Instrument Manager","0","workflow_state","Rejected By Instrument Manager",0,"","","32eedc3a0e","Pending Approval By Instrument Manager","Reject","Rejected By Instrument Manager","Instrument Manager",1,""
"","","","","","","b9fe1bd2b9","Pending For Invoice","Instrument Secretariat","0","workflow_state","Pending For Invoice",0,"","","","","","","","",""
"OBAS Non Employee","OBAS Quotation","workflow_state",1,0,0,"250dedfbba","Inquiry","Instrument Secretariat","0","workflow_state","Inquiry",0,"","","a240962ce8","Inquiry","Confirm","Pending Approval PL/SV","Instrument Secretariat",1,"doc.payment_method == 'Project Grant'"
"","","","","","","112e46f1de","Pending Approval PL/SV","Instrument Secretariat","1","","Pending Approval PL/SV",0,"","","241a91f71d","Inquiry","Confirm","Pending For Invoice","Instrument Secretariat",1,"doc.payment_method == 'Self-Funded'"
"","","","","","","49278006be","Pending For Invoice","Instrument Secretariat","1","","",0,"","","4d9221c92e","Cancel Expired Quotation","Reactivate Quotation","Invoiced","Instrument Secretariat",1,""
"","","","","","","fcfd24186b","Cancel Expired Quotation","Instrument Secretariat","1","","",0,"","","","","","","","",""
"","","","","","","2b58d233b1","Invoiced","Instrument Secretariat","1","","",0,"","","","","","","","",""
"","","","","","","4050375a32","Rejected","Instrument Secretariat","1","","",0,"","","","","","","","",""
"","","","","","","bcdfd93887","Completed","Instrument Secretariat","1","","",0,"","","","","","","","",""
"","","","","","","eb2ff6dd01","Paid","Instrument Secretariat","1","","",0,"","","","","","","","",""
"OBAS INVOICE WF","Analytical Service Invoice","workflow_state",1,0,0,"c485779252","Draft","Instrument Secretariat","0","workflow_state","Draft",0,"","","79df16498f","Draft","Create","Invoiced","Instrument Secretariat",1,""
"","","","","","","eb69440bb9","Approved By PL/SV","Instrument Secretariat","1","workflow_state","Approved By PL/SV",0,"","","405909fb21","Invoiced","Verify","Approved By PL/SV","Employee",0,""
"","","","","","","3f7bae7127","Invoiced","Instrument Secretariat","1","workflow_state","Invoiced",0,"","","","","","","","",""
"","","","","","","020b97d94a","Paid","Instrument Secretariat","1","workflow_state","Paid",0,"","","","","","","","",""
"obas services","Analysis Services","workflow_state",0,0,0,"d69e501dca","Draft","Employee","0","","",0,"","","8ecdb2582b","Pending Approval Instrument Manager","Approve","Pending For Invoice","Instrument Manager",1,""
"","","","","","","ac8e7d0aa2","Pending Approval PL/SV/HOD","Employee","0","workflow_state","",0,"","","f5ffc13561","Pending Approval Instrument Manager","Reject","Rejected By Instrument Manager","Instrument Manager",1,""
"","","","","","","e24956b815","Pending Approval Instrument Manager","Instrument Manager","0","","",0,"","","99c0ef6171","Pending Approval Instrument Manager","KIV","KIV","Instrument Manager",1,""
"","","","","","","9b0a801fa4","Rejected By PL/SV/HOD","Employee","0","","",0,"","","fee39141ef","KIV","Approve","Pending For Invoice","Instrument Manager",1,""
"","","","","","","a946fc36d5","Rejected By Instrument Manager","Instrument Manager","0","","",0,"","","327a58166b","KIV","Reject","Rejected By Instrument Manager","Instrument Manager",1,""
"","","","","","","8c27635656","Pending For Invoice","Instrument Secretariat","0","","",0,"","","","","","","","",""
"","","","","","","32145abf9d","Invoiced","Employee","0","","",0,"","","","","","","","",""
"","","","","","","a4e99ee648","Cancel Expired Invoice","Instrument Secretariat","0","","",0,"","","","","","","","",""
"","","","","","","1e7001c2e7","Paid","Instrument Secretariat","0","","",0,"","","","","","","","",""
"","","","","","","2cfb6b8321","Analysis Process","Instrument Secretariat","0","","",0,"","","","","","","","",""
"","","","","","","7b1e764d42","Reschedule Analysis","Instrument Secretariat","0","","",0,"","","","","","","","",""
"","","","","","","aece8d4855","Analysis Result","Instrument Secretariat","0","","",0,"","","","","","","","",""
"","","","","","","344a53115b","KIV","Instrument Manager","0","","",0,"","","","","","","","",""
"","","","","","","ba8eb15d1f","Completed","Instrument Secretariat","0","","",0,"","","","","","","","",""
"wf_ktpi_report","Progress Report PKLM","workflow_state",1,0,0,"034caff8fb","Draft","Employee","0","workflow_state","Draft",0,"","","20c60609f5","Draft","Submit","Pending for Secretariat PKLM Approval","Employee",1,""
"","","","","","","3dca1929bf","Pending for Secretariat PKLM Approval","Employee","1","workflow_state","Pending for Secretariat PKLM Approval",0,"","","525096c036","Pending for Secretariat PKLM Approval","Approve","Approved By PKLM","Employee",1,""
"","","","","","","671b1fedb3","Approved By PKLM","Employee","1","workflow_state","Approved By PKLM",0,"","","","","","","","",""
"Wf Material Digitization","Request For Digitation","workflow_state",1,0,0,"51262cb948","Draft","Employee","0","workflow_state","Draft",0,"","","b03bab9fa1","Draft","Submit","Submitted","Employee",1,""
"","","","","","","749d5bbed9","Submitted","Library Material Approver","0","workflow_state","Submitted",0,"","","30c7f65feb","Submitted","Approve","Approved","Library Material Approver",1,""
"","","","","","","3485bcbd42","Approved","Library Material Approver","0","workflow_state","Approved",0,"","","43028d3ff1","Submitted","Reject","Application Rejected","Library Material Approver",1,""
"","","","","","","9432837cd9","Application Rejected","Library Material Approver","1","workflow_state","Application Rejected",0,"","","e6b7a0d2ef","Approved","Submit","Released","Library Material Approver",1,""
"","","","","","","e5bb79f26a","Released","Library Material Approver","0","workflow_state","Released",0,"","","","","","","","",""
"Wf Corrective Preventive Form","Corrective and Preventive Action Form","workflow_state",1,0,0,"454587c067","Draft","Employee","0","workflow_state","Draft",0,"","","56840b3c14","Draft","Submit","Reviewed By Secretariat","Employee",1,""
"","","","","","","6f9d318b3a","Reviewed By Secretariat","Employee","0","workflow_state","Reviewed By Secretariat",0,"","","6dea978a11","Reviewed By Secretariat","Approve","Pending","Employee",1,""
"","","","","","","06d3fff346","Application Rejected","Employee","1","workflow_state","Application Rejected",0,"","","dc855ac868","Reviewed By Secretariat","Reject","Application Rejected","Employee",1,""
"","","","","","","ce4b55fede","Pending","Employee","0","workflow_state","Pending",0,"","","c3b328243e","Pending","Submit","Pending for verification","Employee",1,""
"","","","","","","c1c4d6e2f8","Pending for verification","Employee","0","workflow_state","Pending for verification",0,"","","eb41ac7640","Pending for verification","Approve","Completed","Employee",1,""
"","","","","","","2423a7d241","Completed","Employee","1","workflow_state","Completed",0,"","","","","","","","",""
"WF MYRA","MYRA Entry","workflow_state",1,0,0,"d8e76b743b","Draft","MYRA FAPI Coordinator","0","status","Draft",0,"","","5b28289360","Draft","Submit Data MyRA","Coordinator FAPI Submission","MYRA FAPI Coordinator",1,"doc.coordinatorremark != """""
"","","","","","","ccc6eedefc","Coordinator FAPI Submission","Verifier MYRA","1","status","Coordinator FAPI Submission",0,"","","cf278d69a9","Coordinator FAPI Submission","Please Use Verify Button","Data Verified","Verifier MYRA",0,""
"","","","","","","40e3ebe8b8","Reverted By Verifier","Secretariat MYRA","1","status","Reverted By Verifier",0,"","","3f40628b90","Coordinator FAPI Submission","Please Use Verify Button","Reverted By Verifier","Verifier MYRA",0,""
"","","","","","","2cf47a9844","Secretariat Verification","Auditor MYRA","1","status","Secretariat Verification",0,"","","7f2193a253","Coordinator FAPI Submission","Please Use Verify Button","Rejected By Verifier","Verifier MYRA",1,""
"","","","","","","30a18aff52","Approved By Auditor","Auditor MYRA","1","status","Approved By Auditor",0,"","","90564013da","Data Verified","Please Use Verify Button","Approved By Auditor","Auditor MYRA",1,""
"","","","","","","a0475f8e97","Rejected By Verifier","Secretariat MYRA","1","status","Rejected By Verifier",0,"","","ca33c958ca","Data Verified","Please Use Verify Button","Rejected By Auditor","Auditor MYRA",1,""
"","","","","","","d442ed13dd","Rejected By Auditor","Auditor MYRA","1","status","Rejected By Auditor",0,"","","0c0dd4b1cc","Data Verified","Please Use Verify Button","Reverted By Auditor","Auditor MYRA",1,""
"","","","","","","4a6c038b54","Reverted By Auditor","Auditor MYRA","1","status","Reverted By Auditor",0,"","","8cad57f9ef","Reverted By Verifier","Please Use Verify Button","Coordinator FAPI Submission","MYRA FAPI Coordinator",1,""
"","","","","","","917b708435","Data Verified","Verifier MYRA","1","status","Data Verified",0,"","","e35a54949d","Reverted By Auditor","Please Use Verify Button","Coordinator FAPI Submission","Auditor MYRA",1,""
"wf-exhibition-competition","Exhibition Competition Application","workflow_state",1,0,0,"9f854630f5","Draft","Employee","0","workflow_state","Draft",0,"","","28d73387b8","Draft","Submit","Amendment","Employee",1,"(doc.amendment_flag or 0) > 0"
"","","","","","","dcaea6ea90","Pending for HOD Approval","Employee","1","workflow_state","Pending for HOD Approval",0,"","","5669eb8606","Draft","Submit","Pending for HOD Approval","Employee",1,"(doc.amendment_flag or 0) < 1"
"","","","","","","7c05629a4b","Approved By HOD","Employee","1","workflow_state","Approved By HOD",0,"","","601a720ef2","Draft","Submit","Approved By PPIP","Employee",1,"doc.if_sc == 'I'"
"","","","","","","07c264dd5b","Verified By Secretariat Grant / Approved By HOD","Employee","1","workflow_state","Verified By Secretariat Grant / Approved By HOD",0,"","","4aaacac497","Pending for HOD Approval","Approve","Verified By Secretariat Grant / Approved By HOD","Employee",0,"doc.expenses != ""GRANT ALLOCATION"""
"","","","","","","113fd7f88a","Application Rejected","Employee","1","workflow_state","Application Rejected",0,"","","119714eb07","Pending for HOD Approval","Approve","Approved By HOD","Employee",1,"doc.expenses == ""GRANT ALLOCATION"""
"","","","","","","8d47a76683","Verified By Secretariat","Employee","1","workflow_state","Verified By Secretariat",0,"","","8c98647c1d","Pending for HOD Approval","Reject","Application Rejected","Employee",0,""
"","","","","","","d29c031b53","Amendment","Employee","1","workflow_state","Amendment",0,"","","03aea5c8a2","Approved By HOD","Verify","Verified By Secretariat Grant / Approved By HOD","Employee",1,"doc.expenses == ""GRANT ALLOCATION"""
"","","","","","","ba04b397ce","Approved By PPIP","Employee","1","workflow_state","Approved By PPIP",0,"","","bde50c967b","Approved By HOD","Revert","Pending for Revert","Employee",0,""
"","","","","","","f6c0f84d33","Pending for Revert","Employee","1","workflow_state","Pending for Revert",0,"","","bce4c6fa4c","Approved By HOD","Reject","Application Rejected","Employee",0,""
"","","","","","","ba18887ab7","Pending for Payment","Employee","1","workflow_state","Pending for Payment",0,"","","9f63ea4497","Verified By Secretariat Grant / Approved By HOD","Approve","Verified By Secretariat","Employee",0,""
"","","","","","","5470e0282a","Complete Payment","Employee","1","workflow_state","Complete Payment",0,"","","30fc2f5995","Verified By Secretariat Grant / Approved By HOD","Reject","Application Rejected","Employee",0,""
"","","","","","","","","","","","","","","","b865390616","Verified By Secretariat Grant / Approved By HOD","Revert","Pending for Revert","Employee",0,""
"","","","","","","","","","","","","","","","60d60c22d7","Verified By Secretariat","Approve","Pending for Payment","Employee",0,""
"","","","","","","","","","","","","","","","068c4ff1ce","Verified By Secretariat","Reject","Application Rejected","Employee",0,""
"","","","","","","","","","","","","","","","aa6ccf454b","Amendment","Verify","Verified By Secretariat Grant / Approved By HOD","Employee",0,"doc.sc_name != frappe.db.get_value('Employee', {'user_id':frappe.session.user}, 'employee_name')"
"","","","","","","","","","","","","","","","60521fa453","Amendment","Verify","Verified By Secretariat","Employee",0,"doc.sc_name == frappe.db.get_value('Employee', {'user_id':frappe.session.user}, 'employee_name')"
"","","","","","","","","","","","","","","","cdabea5ef4","Amendment","Revert","Pending for Revert","Employee",1,""
"Analysis Item Service","Analysis Item Service","workflow_state",1,0,0,"9608df93fc","Pending Approval PL/SV/HOD","Employee","1","workflow_state","",0,"","","b1890300fc","Pending Approval PL/SV/HOD","Verify Application","Pending Approval Instrument Manager","Employee",0,"frappe.db.get_value(""Employee"", {""user_id"": frappe.session.user}, ""employee"") == doc.plsvhod_by
"
"","","","","","","47352ea98c","Pending Approval Instrument Manager","Instrument Manager","1","workflow_state","",0,"","","afaffe44dc","Pending Approval PL/SV/HOD","Reject Application","Application Rejected","Employee",1,"frappe.db.get_value(""Employee"", {""user_id"": frappe.session.user}, ""employee"") == doc.plsvhod_by
"
"","","","","","","6493ba440e","Pending For Invoice","Instrument Secretariat","1","workflow_state","",0,"","","1399840503","Pending Approval Instrument Manager","Review","Pending For Invoice","Instrument Manager",0,""
"","","","","","","8f4169c45b","Application Rejected","Employee","1","workflow_state","",0,"","","1a22817eca","Pending Approval Instrument Manager","Reject","Application Rejected","Instrument Manager",1,""
"","","","","","","6d8f8e3b1d","KIV","Instrument Manager","1","workflow_state","",0,"","","3e2878a89b","Pending Approval Instrument Manager","KIV","KIV","Instrument Manager",1,""
"","","","","","","aaa8ccc3f3","Rejected By Instrument Manager","Instrument Manager","1","workflow_state","",0,"","","529e84485b","KIV","Review","Pending For Invoice","Instrument Manager",1,""
"","","","","","","a64346a805","Invoiced","Instrument Secretariat","1","workflow_state","",0,"","","e47a7cc818","KIV","Reject","Application Rejected","Instrument Manager",1,""
"","","","","","","b14a75cfa5","Cancel Expired Invoice","Instrument Secretariat","1","workflow_state","",0,"","","","","","","","",""
"","","","","","","584c596d0f","Cancelled By Request","Instrument Manager","2","workflow_state","",0,"","","","","","","","",""
"","","","","","","6fa0d6c28f","Paid","Instrument Secretariat","1","workflow_state","",0,"","","","","","","","",""
"","","","","","","0a2a183b5b","Completed","Instrument Secretariat","1","workflow_state","",0,"","","","","","","","",""
"Generic Requisition","Generic Requisition","workflow_state",1,0,0,"780b4757aa","Draft","PU Preparer (PTJ)","0","","",0,"","","52a0258862","Draft","Confirm","Pending Approval (PTJ)","PU Preparer (PTJ)",1,"doc.is_rmk == 0"
"","","","","","","6c9e09d74b","Pending Reviewer RMK","PU Reviewer RMK","0","","",0,"","","d69b1c553c","Draft","Confirm","Pending Reviewer RMK","PU Preparer (PTJ)",1,"doc.is_rmk == 1"
"","","","","","","eec31a2d4e","Rejected By Reviewer RMK","PU Preparer (PTJ)","0","","",0,"","","29257a32ac","Pending Reviewer RMK","Confirm","Pending Approval (PTJ)","PU Reviewer RMK",0,"doc.is_rmk == 1"
"","","","","","","89acc6d868","Budget Rejected","PU Preparer (PTJ)","0","","",0,"","","e48ce3f722","Pending Reviewer RMK","Reject","Rejected By Reviewer RMK","PU Reviewer RMK",0,"doc.is_rmk == 1"
"","","","","","","b8f72426e2","Rejected By KJ","PU Preparer (PTJ)","0","","",0,"","","0a2d32d778","Pending Approval (PTJ)","Approve","Pending Budget Review","PU Approver (PTJ)",1,""
"","","","","","","f0c02e5b45","Incomplete Document","PU Preparer (PTJ)","0","","",0,"","","c5c5536fdc","Pending Approval (PTJ)","Reject","Draft","PU Approver (PTJ)",1,""
"","","","","","","4e86506475","Pending Approval (PTJ)","PU Approver (PTJ)","0","","",0,"","","640229a211","Pending Approval (PTJ)","Void","Voided PTJ","PU Approver (PTJ)",1,""
"","","","","","","ac217bf9da","Voided PTJ","PU Approver (PTJ)","0","","",0,"","","59d0853f7f","Pending Budget Review","Approve Budget","Pending Document Review","PU Budget",1,""
"","","","","","","67b609ec09","Pending Budget Review","PU Budget","0","","",0,"","","9bbf8a0925","Pending Budget Review","Reject","Budget Rejected","PU Budget",1,""
"","","","","","","152c0f9207","Pending Document Review","PU Preparer Bendahari","0","","",0,"","","7b142ba85c","Budget Rejected","Confirm","Pending Approval (PTJ)","PU Preparer (PTJ)",1,""
"","","","","","","038d73ea68","Pending Approval","PU Approver Bendahari","0","","",0,"","","8fa8990ac7","Pending Document Review","Confirm","Pending Approval","PU Preparer Bendahari",1,""
"","","","","","","bd84cdb109","On Hold","PU Preparer Bendahari","0","","",0,"","","8a84f51a5a","Pending Document Review","Hold","On Hold","PU Preparer Bendahari",1,""
"","","","","","","1f0d7ecdde","Rejected","PU Preparer (PTJ)","0","","",0,"","","4ade7e49bb","Pending Document Review","Reject","Incomplete Document","PU Preparer Bendahari",1,""
"","","","","","","202511f693","Approved","PU Approver Bendahari","1","","",0,"","","33d05ad6dd","On Hold","Confirm","Pending Approval","PU Preparer Bendahari",1,""
"","","","","","","3aa64caff9","Voided","PU Approver Bendahari","1","","",0,"","","25c7bbb301","On Hold","Reject","Incomplete Document","PU Preparer Bendahari",1,""
"","","","","","","","","","","","","","","","f62a22aab7","Incomplete Document","Confirm","Pending Approval (PTJ)","PU Preparer (PTJ)",1,""
"","","","","","","","","","","","","","","","1ecc3cb384","Pending Approval","Approve","Approved","PU Approver Bendahari",1,""
"","","","","","","","","","","","","","","","a166e804a5","Pending Approval","Reject","Pending Document Review","PU Approver Bendahari",1,""
"","","","","","","","","","","","","","","","6206e15d54","Pending Approval","Hold","On Hold","PU Approver Bendahari",1,""
"","","","","","","","","","","","","","","","dfab09440d","Approved","Void","Voided","PU Approver Bendahari",1,""
"BYOD Agreement Document","BYOD Agreement Document","workflow_state",1,0,0,"06c8acfc51","Draft","Employee","0","","",0,"","","58ecea951f","Draft","Submit","Submitted","Employee",1,""
"","","","","","","5058f7b3ca","Submitted","Employee","0","","",0,"","","3e46ee66a9","Submitted","Approve","Approved","BYOD Accounts User",1,""
"","","","","","","57d4a9f00f","Approved","BYOD Accounts User","1","","",0,"","","d09c83e2ec","Submitted","Reject","Draft","BYOD Accounts User",1,""
"","","","","","","dd28023147","Rejected","BYOD Accounts User","0","","",0,"","","","","","","","",""
"","","","","","","4cb42a6ec9","Rejected By JK BYOD (Unmet Device Requirement)","JK Byod","1","","",0,"","","","","","","","",""
"BYOD Device Info","BYOD Device Info","workflow_state",1,0,0,"23fadc4493","Draft","Employee","0","","",0,"","","4bf5923630","Draft","Submit","Submitted","Employee",1,""
"","","","","","","5f76cdb59d","Submitted","Employee","0","","",0,"","","e9b714984b","Submitted","Approve","Approved","JK Byod",1,""
"","","","","","","3674b2c924","Approved","JK Byod","1","","",0,"","","55aa2d8fd4","Submitted","Reject","Rejected","JK Byod",1,""
"","","","","","","62b4b13d04","Rejected","JK Byod","1","","",0,"","","","","","","","",""
"BYOD Application","BYOD Application","workflow_state",1,0,0,"adfbf9da00","Applied","Employee","0","","",0,"","","2aa18b4509","Applied","Approve","Pending For Document","JK Byod",0,""
"","","","","","","00d1024bea","Pending For Document","Employee","0","","",0,"","","c864980bb9","Applied","KIV","Under Review","JK Byod",1,""
"","","","","","","77cf4bf47c","Rejected By JK BYOD","JK Byod","1","","",0,"","","3a87a21b0a","Applied","Reject","Rejected By JK BYOD","JK Byod",0,""
"","","","","","","10b3da5879","Verified By JTMK","JK Byod","1","","",0,"","","142e16f4da","Under Review","Approve","Pending For Document","JK Byod",1,""
"","","","","","","7959ab0430","Pending Bendahari Verification","BYOD Accounts User","0","","",0,"","","236d2b1dfb","Under Review","Reject","Rejected By JK BYOD","JK Byod",1,""
"","","","","","","93de50b661","Pending Applicant Completion","Employee","0","","",0,"","","903af5f8d9","Pending For Document","Void (Uncollected Document)","Rejected By JK BYOD (Uncollected Document)","JK Byod",1,""
"","","","","","","cf03a1d401","Pending JTMK Verification","JK Byod","0","","",0,"","","367239955c","Pending For Document","Void (Uncollected Document)","Rejected By JK BYOD (Uncollected Document)","BYOD Accounts User",1,""
"","","","","","","a4e76e6df9","Rejected By JK BYOD (Uncollected Document)","JK Byod","1","","",0,"","","ad129ec079","Pending For Document","Void (Unsubmitted Document)","Rejected By JK BYOD (Unsubmitted Document)","BYOD Accounts User",1,""
"","","","","","","32d2e44e48","Rejected By JK BYOD (Uncollected Document)","BYOD Accounts User","1","","",0,"","","805879247c","Pending Applicant Completion","Reject (Unsubmitted  Device Verification)","Rejected By JK BYOD (Unsubmitted  Device Verification)","BYOD Accounts User",1,""
"","","","","","","a3c997172f","Rejected By JK BYOD (Unsubmitted Document)","BYOD Accounts User","1","","",0,"","","aff0ed4ccd","Pending Applicant Completion","Reject (Unsubmitted  Device Verification)","Rejected By JK BYOD (Unsubmitted  Device Verification)","JK Byod",1,""
"","","","","","","3c672e96ad","Under Review","JK Byod","0","","",0,"","","","","","","","",""
"","","","","","","eebe973387","Rejected By JK BYOD (Unsubmitted  Device Verification)","JK Byod","1","","",0,"","","","","","","","",""
"","","","","","","399d2aa215","Rejected By JK BYOD (Unmet Device Requirement)","JK Byod","1","","",0,"","","","","","","","",""
"Purchase Order (PO)","Purchase Order","workflow_state",1,1,0,"974760d60a","Draft","PU Preparer (PTJ)","0","","",0,"","","043cb97e3e","Draft","Confirm","Pending Reviewer","PU Preparer (PTJ)",1,""
"","","","","","","8d4f93135a","Pending Reviewer","PU Reviewer (PTJ)","0","","",0,"","","4fc85c0047","Pending Reviewer","Confirm","Pending Approval","PU Reviewer (PTJ)",1,""
"","","","","","","d344aa755f","Rejected","PU Preparer (PTJ)","0","","",0,"","","01d7d70a30","Pending Reviewer","Reject","Rejected","PU Preparer (PTJ)",1,""
"","","","","","","457d7426c4","Pending Approval","PU Approver (PTJ)","0","","",0,"","","e5f88e841c","Pending Approval","Approve","Asset Verification","PU Approver (PTJ)",1,""
"","","","","","","47b1ec9dee","Approved","PU Approver (PTJ)","1","","",0,"","","bd78ef3914","Pending Reviewer","Reject","Rejected","PU Reviewer (PTJ)",1,""
"","","","","","","a605cc9022","Cancelled","PU Approver (PTJ)","2","","",0,"","","268c9291b4","Pending Approval","Reject","Rejected","PU Approver (PTJ)",1,""
"","","","","","","f55b25f63f","Asset Verification","FA Preparer","0","","",0,"","","cd37283c89","Rejected","Confirm","Pending Reviewer","PU Preparer (PTJ)",1,""
"","","","","","","536bd91262","Asset Approval","FA Approver","0","","",0,"","","676c28c326","Asset Verification","Confirm","Asset Approval","FA Preparer",1,""
"","","","","","","4a6c02203a","Asset Rejected","FA Approver","0","","",0,"","","7c7f4f1eff","Asset Approval","Approve","Approved","FA Approver",1,""
"","","","","","","","","","","","","","","","b28b4bc2f1","Asset Approval","Reject","Asset Rejected","FA Approver",1,""
"","","","","","","","","","","","","","","","2bb6347155","Asset Rejected","Confirm","Pending Reviewer","PU Preparer (PTJ)",1,""
"Purchase Receipt","Purchase Receipt","workflow_state",1,0,0,"7615c47a0e","Draft","PU Preparer (PTJ)","0","","Draft",0,"","","a47abbfc6c","Draft","Confirm","Pending Reviewer","PU Preparer (PTJ)",1,""
"","","","","","","dd221a2af3","Pending Reviewer","PU Reviewer (PTJ)","0","","Pending Reviewer",0,"","","1e4390ae64","Pending Reviewer","Confirm","Pending Approval","PU Reviewer (PTJ)",1,""
"","","","","","","e1cf80ec39","Rejected","PU Preparer (PTJ)","0","","Rejected",0,"","","9eb2453639","Pending Reviewer","Reject","Rejected","PU Preparer (PTJ)",1,""
"","","","","","","c75d40bd65","Pending Approval","PU Approver (PTJ)","0","","Pending Approval",0,"","","e72e796888","Pending Reviewer","Reject","Rejected","PU Reviewer (PTJ)",1,""
"","","","","","","2b2c272a5e","Approved","PU Approver (PTJ)","1","","To Bill",0,"","","566fb25081","Pending Approval","Approve","Approved","PU Approver (PTJ)",1,""
"","","","","","","0c7823a83f","Cancelled","PU Approver (PTJ)","2","","Cancelled",0,"","","dcd68e04ca","Pending Approval","Reject","Rejected","PU Approver (PTJ)",1,""
"","","","","","","","","","","","","","","","8785f09553","Approved","Cancel","Cancelled","PU Approver (PTJ)",1,""
"","","","","","","","","","","","","","","","9ed743e92d","Rejected","Confirm","Pending Reviewer","PU Preparer (PTJ)",1,""
"Quick Cheque","Quick Cheque","workflow_state",1,0,0,"0c5a5fdfc6","Draft","AP Preparer","0","","",0,"","","4a02c92e4c","Draft","Confirm","Pending Reviewer","AP Preparer",1,""
"","","","","","","a1e3159f8d","Pending Reviewer","AP Reviewer","0","","",0,"","","d9bed47559","Pending Reviewer","Confirm","Pending Approval","AP Reviewer",1,""
"","","","","","","0ccbc3b874","Rejected","AP Preparer","0","","",0,"","","c9f4e8860c","Pending Reviewer","Reject","Draft","AP Reviewer",1,""
"","","","","","","69329940fb","Pending Approval","AP Approver","0","","",0,"","","3009c62600","Pending Approval","Approve","Open","AP Approver",1,""
"","","","","","","3afcb5ba36","Approved","AP Approver","1","","",0,"","","211325df71","Pending Approval","Reject","Draft","AP Approver",1,""
"","","","","","","d426f6628e","Closed","AP Approver","1","","",0,"","","b34f0ffd68","Open","Cancel","Cancelled","AP Approver",1,""
"","","","","","","544328f4ad","Open","AP Approver","1","","",0,"","","","","","","","",""
"","","","","","","60090aa516","Voided","AP Approver","1","","",0,"","","","","","","","",""
"","","","","","","b9e5455a76","Cancelled","AP Approver","2","workflow_state","Cancelled",0,"","","","","","","","",""
"Cash Book","Cash Book Entry","workflow_state",1,0,0,"74d0f9c72a","Draft AR","AR Preparer","0","","",0,"","","9370a53775","Draft AR","Confirm","Pending Approval AR","AR Preparer",1,"doc.transaction_type == 'Receipt'"
"","","","","","","9a03bf20ee","Draft AP","AP Preparer","0","","",0,"","","3aef2dd7a7","Pending Approval AR","Approve","Approved AR","AR Approver",1,"doc.transaction_type == 'Receipt'"
"","","","","","","2b45d3f129","Pending Approval AR","AR Approver","0","","",0,"","","e96025e216","Pending Approval AR","Reject","Rejected AR","AR Preparer",1,"doc.transaction_type == 'Receipt'"
"","","","","","","8b84880aa4","Pending Approval AP","AP Approver","0","","",0,"","","5f622f99ea","Approved AR","Cancel","Cancelled AR","AR Approver",1,"doc.transaction_type == 'Receipt'"
"","","","","","","0a8132a4d4","Approved AR","AR Approver","1","","",0,"","","d02b5549fa","Rejected AR","Confirm","Pending Approval AR","AR Preparer",1,"doc.transaction_type == 'Receipt'"
"","","","","","","e0ee5cf6ed","Approved AP","AP Approver","1","","",0,"","","b97dd8e92c","Draft AP","Confirm","Pending Approval AP","AP Preparer",1,"doc.transaction_type == ""Disbursement"""
"","","","","","","8fc00fab76","Rejected AR","AR Preparer","0","","",0,"","","5db604a81a","Pending Approval AP","Approve","Approved AP","AP Approver",1,"doc.transaction_type == ""Disbursement"""
"","","","","","","7a1a4a27cd","Rejected AP","AP Preparer","0","","",0,"","","baf163ec1b","Pending Approval AP","Reject","Rejected AP","AP Preparer",1,"doc.transaction_type == ""Disbursement"""
"","","","","","","f691c4a56e","Cancelled AR","AR Approver","2","","",0,"","","a7dda23489","Approved AP","Cancel","Cancelled AP","AP Approver",1,"doc.transaction_type == ""Disbursement"""
"","","","","","","eb64138e3a","Cancelled AP","AP Approver","2","","",0,"","","c20e2553b6","Rejected AP","Confirm","Pending Approval AP","AP Preparer",1,"doc.transaction_type == ""Disbursement"""
"Item","Item","workflow_state",1,0,0,"e2f089f806","Draft","FA Preparer","0","","",0,"","","20a8951b4f","Draft","Confirm","Pending Approval","FA Preparer",1,""
"","","","","","","0ac3ec1a1e","Pending Approval","FA Approver","0","","",0,"","","a527a7d32b","Pending Approval","Approve","Approved","FA Approver",1,""
"","","","","","","134594503f","Approved","FA Approver","1","","",0,"","","18cce38157","Pending Approval","Reject","Rejected","FA Approver",1,""
"","","","","","","ab044171de","Rejected","FA Preparer","0","","",0,"","","2800f443be","Rejected","Confirm","Pending Approval","FA Preparer",1,""
"Direct Purchase","Direct Purchase","workflow_state",1,0,0,"a91f8d14e9","Draft","PU Preparer (PTJ)","0","","",0,"","","307fa23099","Draft","Confirm","Techincal Confirmation","PU Preparer (PTJ)",1,"doc.application_type == 'Kerja-Kerja'"
"","","","","","","1a6d6e1990","Techincal Confirmation","PU Technical","0","","",1,"","","ade5b5e5b1","Draft","Confirm","Pending Approval (PTJ)","PU Preparer (PTJ)",1,"doc.application_type != 'Kerja-Kerja'"
"","","","","","","fc93c3104c","Technical Approved","PU Approver (PTJ)","0","","",1,"","","5eb7b87f7a","Rejected","Confirm","Techincal Confirmation","PU Preparer (PTJ)",1,"doc.application_type == 'Kerja-Kerja'"
"","","","","","","db1f6dd02a","Pending Approval (PTJ)","PU Approver (PTJ)","0","","",0,"","","611f42c076","Rejected","Confirm","Pending Approval (PTJ)","PU Preparer (PTJ)",1,"doc.application_type != 'Kerja-Kerja'"
"","","","","","","66ecfc4fef","Approved","PU Approver (PTJ)","1","","",0,"","","f6d4fbd46b","Technical Approved","Approve","Approved","PU Approver (PTJ)",1,""
"","","","","","","ec81539376","Rejected","PU Preparer (PTJ)","0","","",0,"","","7960e731f3","Techincal Confirmation","Confirm","Technical Approved","PU Technical",1,"doc.application_type == 'Kerja-Kerja' and doc.jpp_technical_confirmation is not None"
"","","","","","","f4fb1f979b","Cancelled","PU Approver (PTJ)","2","","",0,"","","5226fd4230","Techincal Confirmation","Reject","Rejected","PU Technical",1,"doc.application_type == 'Kerja-Kerja' and doc.jpp_technical_confirmation is not None"
"","","","","","","","","","","","","","","","ce1921a328","Pending Approval (PTJ)","Approve","Approved","PU Approver (PTJ)",1,""
"","","","","","","","","","","","","","","","7fcf7078ac","Pending Approval (PTJ)","Reject","Rejected","PU Approver (PTJ)",1,""
"","","","","","","","","","","","","","","","938a9d4656","Approved","Cancel","Cancelled","PU Approver (PTJ)",1,""
"Dunning Letter","Dunning Letter","workflow_state",1,0,0,"0307407643","Draft","Employee","0","workflow_state","",0,"","","3a687f8e2b","Draft","Confirm","Released","Employee",1,""
"","","","","","","0e5198de78","Released","Employee","1","workflow_state","",0,"","","ff822bbe06","Released","Void","Voided","Employee",1,""
"","","","","","","6559946dca","Voided","Employee","2","workflow_state","",0,"","","","","","","","",""
"Journal Entry","Journal Entry","workflow_state",1,0,0,"6fc7506778","Draft","GL Preparer","0","","",0,"","","7c2b4b0d85","Draft","Confirm","Pending Reviewer","GL Preparer",1,""
"","","","","","","9c60da5bf5","Pending Reviewer","GL Reviewer","0","","",0,"","","db74ea0fa2","Pending Reviewer","Confirm","Pending Approval","GL Reviewer",1,""
"","","","","","","f1a192d936","Pending Approval","GL Approver","0","","",0,"","","3efd68f80a","Pending Reviewer","Reject","Draft","GL Reviewer",1,""
"","","","","","","0a9f6afab5","Approved","GL Approver","1","","",0,"","","00391cdc41","Pending Approval","Approve","Approved","GL Approver",1,""
"","","","","","","a8341e836d","Rejected","GL Approver","0","","",0,"","","992bc0b471","Pending Approval","Reject","Pending Reviewer","GL Approver",1,""
"One Line Budget Main","One Line Budget Main","workflow_state",1,0,0,"8108c7627a","Draft","Budget Preparer (PTJ)","0","","",0,"","","9a4d032fb9","Draft","Confirm","Pending Approval (PTJ)","Budget Preparer (PTJ)",1,""
"","","","","","","d742a31264","Rejected","Budget Preparer (PTJ)","0","","",0,"","","b96a2ae884","Pending Approval (PTJ)","Approve","Pending Bendahari Verification","Budget Approver (PTJ)",1,""
"","","","","","","0ff32416c0","Pending Approval (PTJ)","Budget Approver (PTJ)","0","","",0,"","","17fc5a4b83","Pending Approval (PTJ)","Reject","Rejected","Budget Approver (PTJ)",1,""
"","","","","","","270b8d8318","Pending Bendahari Verification","Budget Preparer Bendahari","0","","",0,"","","6b17154dfc","Rejected","Confirm","Pending Approval (PTJ)","Budget Approver (PTJ)",1,""
"","","","","","","2f83ffe857","Pending Approval Bendahari","Budgets Approver","0","","",0,"","","83aca449af","Pending Bendahari Verification","Confirm","Pending Approval Bendahari","Budget Preparer Bendahari",1,""
"","","","","","","3faa645836","Approved","Budgets Approver","1","","",0,"","","4dc6859d9c","Pending Bendahari Verification","Reject","Rejected","Budget Preparer Bendahari",1,""
"","","","","","","0097a37aa0","Cancelled","Budgets Approver","2","","",0,"","","d67b2107a5","Pending Approval Bendahari","Approve Budget","Approved","Budgets Approver",1,""
"","","","","","","","","","","","","","","","627ce4a8c6","Pending Approval Bendahari","Reject","Rejected","Budgets Approver",1,""
"","","","","","","","","","","","","","","","440bd34b42","Approved","Cancel","Cancelled","Budgets Approver",1,""
"One Line Budget","One Line Budget","workflow_state",0,0,0,"abfa7ff96e","Draft","Budget Preparer (PTJ)","0","","",0,"","","6bb9706a40","Draft","Confirm","Pending Approval (PTJ)","Budget Preparer (PTJ)",1,""
"","","","","","","a68b8b5dad","Rejected","Budget Preparer (PTJ)","0","","",0,"","","e9591030ca","Pending Approval (PTJ)","Approve","Pending Bendahari Verification","Budget Approver (PTJ)",1,""
"","","","","","","3d67d0ca82","Pending Approval (PTJ)","Budget Approver (PTJ)","0","","",0,"","","d6e12008cf","Pending Approval (PTJ)","Reject","Rejected","Budget Approver (PTJ)",1,""
"","","","","","","170e2659d1","Pending Bendahari Verification","Budget Preparer Bendahari","0","","",0,"","","065c898b87","Rejected","Confirm","Pending Approval (PTJ)","Budget Approver (PTJ)",1,""
"","","","","","","f5cb6a68ad","Pending Approval Bendahari","Budgets Approver","0","","",0,"","","07aa47d349","Pending Bendahari Verification","Confirm","Pending Approval Bendahari","Budget Preparer Bendahari",1,""
"","","","","","","d69d172388","Approved","Budgets Approver","1","","",0,"","","8b8bb2211c","Pending Bendahari Verification","Reject","Rejected","Budget Preparer Bendahari",1,""
"","","","","","","5fae1f8796","Cancelled","Budgets Approver","2","","",0,"","","7a03fef178","Pending Approval Bendahari","Approve Budget","Approved","Budgets Approver",1,""
"","","","","","","","","","","","","","","","79ca161be1","Pending Approval Bendahari","Reject","Rejected","Budgets Approver",1,""
"","","","","","","","","","","","","","","","78e7e49c17","Approved","Cancel","Cancelled","Budgets Approver",1,""
"Wf Exhibition Competition","Application For PPIP","workflow_state",1,0,0,"ce2a111805","Draft","Employee","0","workflow_state","Draft",0,"","","8f2cd736c4","Draft","Submit","Amendment","Employee",1,"doc.amendment_flag > 0"
"","","","","","","c51cd8ba94","Pending for HOD Approval","Employee","1","workflow_state","Pending for HOD Approval",0,"","","a3efd92e68","Draft","Submit","Pending for HOD Approval","Employee",1,"doc.amendment_flag < 1"
"","","","","","","cde67dda9b","Approved By HOD","Employee","1","workflow_state","Approved By HOD",0,"","","6676b91f57","Draft","Submit","Approved By PPIP","Employee",1,"doc.if_sc == 'I'"
"","","","","","","d2901b675a","Verified By Secretariat Grant / Approved By HOD","Employee","1","workflow_state","Verified By Secretariat Grant / Approved By HOD",0,"","","8c012a2b04","Pending for HOD Approval","Approve","Verified By Secretariat Grant / Approved By HOD","Employee",0,"doc.expenses != ""GRANT ALLOCATION"""
"","","","","","","347f7d76a0","Application Rejected","Employee","1","workflow_state","Application Rejected",0,"","","f9d060d6ae","Pending for HOD Approval","Approve","Approved By HOD","Employee",1,"doc.expenses == ""GRANT ALLOCATION"""
"","","","","","","77e544d4ac","Verified By Secretariat","Employee","1","workflow_state","Verified By Secretariat",0,"","","0c48462c37","Pending for HOD Approval","Reject","Application Rejected","Employee",0,""
"","","","","","","ebec3b59ba","Amendment","Employee","1","workflow_state","Amendment",0,"","","6c0d8114af","Approved By HOD","Verify","Verified By Secretariat Grant / Approved By HOD","Employee",1,"doc.expenses == ""GRANT ALLOCATION"""
"","","","","","","20cd6605e4","Approved By PPIP","Employee","1","workflow_state","Approved By PPIP",0,"","","46f7165e14","Approved By HOD","Revert","Pending for Revert","Employee",1,""
"","","","","","","056dd6b3a0","Pending for Revert","Employee","1","workflow_state","Pending for Revert",0,"","","c941b1660f","Approved By HOD","Reject","Application Rejected","Employee",1,""
"","","","","","","","","","","","","","","","08505baedb","Verified By Secretariat Grant / Approved By HOD","Approve","Verified By Secretariat","Employee",1,""
"","","","","","","","","","","","","","","","fd094a536a","Verified By Secretariat Grant / Approved By HOD","Reject","Application Rejected","Employee",1,""
"","","","","","","","","","","","","","","","c57191535b","Verified By Secretariat Grant / Approved By HOD","Revert","Pending for Revert","Employee",1,""
"","","","","","","","","","","","","","","","6e24dd1614","Verified By Secretariat","Approve","Approved By PPIP","Employee",1,""
"","","","","","","","","","","","","","","","566a7589d7","Verified By Secretariat","Reject","Application Rejected","Employee",1,""
"","","","","","","","","","","","","","","","f33c6b4306","Amendment","Verify","Verified By Secretariat Grant / Approved By HOD","Employee",1,"doc.sc_name != frappe.db.get_value('Employee', {'user_id':frappe.session.user}, 'employee_name')"
"","","","","","","","","","","","","","","","1779223502","Amendment","Verify","Verified By Secretariat","Employee",1,"doc.sc_name == frappe.db.get_value('Employee', {'user_id':frappe.session.user}, 'employee_name')"
"","","","","","","","","","","","","","","","576e745afd","Amendment","Revert","Pending for Revert","Employee",1,""
"PU Advertisement","PU Advertisement","workflow_state",1,0,0,"afff21462a","Draft","PU Preparer Bendahari","0","","",0,"","","50f6cb7d93","Draft","Confirm","Pending Reviewer Bendahari","PU Preparer Bendahari",1,""
"","","","","","","7bac0575c2","Pending Reviewer Bendahari","PU Reviewer Bendahari","0","","",0,"","","a1e5e16abe","Pending Reviewer Bendahari","Confirm","Pending Approval Bendahari","PU Reviewer Bendahari",1,""
"","","","","","","696d36b171","Pending Approval Bendahari","PU Approver Advertisement Bendahari","0","","",0,"","","b55d4db7e8","Pending Reviewer Bendahari","Reject","Draft","PU Reviewer Bendahari",1,""
"","","","","","","4892505536","Approved","PU Approver Advertisement Bendahari","0","","",0,"","","c84a9e9755","Pending Approval Bendahari","Approve","Approved","PU Approver Advertisement Bendahari",1,""
"","","","","","","","","","","","","","","","2bb17fee18","Pending Approval Bendahari","Reject","Pending Reviewer Bendahari","PU Approver Advertisement Bendahari",1,""
"Sales Invoice (AR)","Sales Invoice","workflow_state",1,1,0,"bd30cf369b","Draft","AR Preparer","0","","",0,"","","73522bf497","Draft","Confirm","Pending Approval","AR Preparer",1,""
"","","","","","","6c4a357072","Pending Approval","AR Approver","0","","",0,"","","5e1d07cbe4","Pending Approval","Approve","Approved","AR Approver",1,""
"","","","","","","894250b994","Rejected","AR Preparer","0","","",0,"","","7f16413437","Pending Approval","Reject","Rejected","AR Approver",1,""
"","","","","","","a473f832ef","Approved","AR Approver","1","","",0,"","","14e0c0c21b","Approved","Cancel","Cancelled","AR Approver",1,""
"","","","","","","d56a6db3cc","Cancelled","AR Approver","2","","",0,"","","744016ecad","Rejected","Confirm","Pending Approval","AR Preparer",1,""
"Budget Warrant Entry","Budget Warrant Entry","workflow_state",1,0,0,"a4df4f87bc","Draft","Budgets User","0","","",0,"","","f316fc8162","Draft","Confirm","Pending Reviewer","Budgets User",1,""
"","","","","","","99a1e3be58","Pending Reviewer","Budgets Reviewer","0","","",0,"","","1e8e043d01","Pending Reviewer","Confirm","Pending Approval","Budgets Reviewer",1,""
"","","","","","","30ac0d6859","Pending Approval","Budgets Approver","0","","",0,"","","5289024993","Pending Approval","Approve","Approved","Budgets Approver",1,""
"","","","","","","f75e209bc8","Approved","Budgets Approver","1","","",0,"","","07bfb01cbe","Pending Approval","Reject","Draft","Budgets Approver",1,""
"","","","","","","2a9fb6dc6a","Rejected","Budgets Approver","0","","",0,"","","","","","","","",""
"Budget Virement","Budget Virement","workflow_state",1,0,0,"1abcc8ff83","Draft","Budgets Preparer (PTJ)","0","","",0,"","","82792947f9","Draft","Confirm","Pending Approval (PTJ)","Budgets Preparer (PTJ)",1,""
"","","","","","","31ecbaf6fe","Pending Approval (PTJ)","Budgets Approver (PTJ)","0","","",0,"","","ed97848a95","Pending Approval (PTJ)","Approve","Pending Bendahari Verification","Budget Approver (PTJ)",1,""
"","","","","","","82eb350456","Pending Bendahari Verification","Budget Preparer Bendahari","0","","",0,"","","8d9fce8643","Pending Approval (PTJ)","Reject","Rejected","Budget Approver (PTJ)",1,""
"","","","","","","e7ccd66717","Pending Approval Bendahari","Budgets Approver","0","","",0,"","","20ad0c7ee8","Pending Bendahari Verification","Confirm","Pending Approval Bendahari","Budget Preparer Bendahari",1,""
"","","","","","","1485e6a242","Rejected","Budgets Preparer (PTJ)","0","","",0,"","","92ff8038a6","Pending Bendahari Verification","Reject","Rejected","Budget Preparer Bendahari",1,""
"","","","","","","4b964bbf15","Approved","Budgets Approver","1","","",0,"","","624d87a6b7","Pending Approval Bendahari","Approve Budget","Approved","Budgets Approver",1,""
"","","","","","","","","","","","","","","","e1869fcf31","Pending Approval Bendahari","Reject","Rejected","Budgets Approver",1,""
"","","","","","","","","","","","","","","","44240dfd34","Rejected","Confirm","Pending Approval (PTJ)","Budgets Preparer (PTJ)",1,""
"Budget Approval","Budget Approval","workflow_state",1,0,0,"ab1047f9cb","Draft","Budgets User","0","","",0,"","","d9fda75f97","Draft","Confirm","Pending Reviewer","Budgets User",1,""
"","","","","","","6d64e77162","Pending Reviewer","Budgets Reviewer","0","","",0,"","","1c19ca8ada","Pending Reviewer","Confirm","Pending Approval","Budgets Reviewer",1,""
"","","","","","","e07873a227","Pending Approval","Budgets Approver","0","","",0,"","","06f31acab5","Pending Approval","Approve","Approved","Budgets Approver",1,""
"","","","","","","0d832bd984","Approved","Budgets Approver","1","","",0,"","","b312917ec5","Pending Approval","Reject","Draft","Budgets Approver",1,""
"","","","","","","bb761380ce","Rejected","Budgets Approver","0","","",0,"","","49505a997a","Approved","Cancel","Cancelled","Budgets Approver",1,""
"","","","","","","16560f994e","Cancelled","Budgets Approver","2","","",0,"","","","","","","","",""
"Budget Release Application","Budget Release Application","workflow_state",1,0,0,"0a353e3148","Draft","Budgets Preparer (PTJ)","0","","",0,"","","4fe63249b2","Draft","Confirm","Pending Approval (PTJ)","Budgets Preparer (PTJ)",1,""
"","","","","","","19e93c1913","Pending Approval (PTJ)","Budgets Approver (PTJ)","0","","",0,"","","ef03fce9dc","Pending Approval (PTJ)","Approve","Pending Bendahari Verification","Budget Approver (PTJ)",1,""
"","","","","","","ea70d5bb0b","Pending Bendahari Verification","Budget Preparer Bendahari","0","","",0,"","","8c8c51564f","Pending Approval (PTJ)","Reject","Rejected","Budget Approver (PTJ)",1,""
"","","","","","","fa20e09ca8","Pending Approval Bendahari","Budgets Approver","0","","",0,"","","78ee737670","Pending Bendahari Verification","Confirm","Pending Approval Bendahari","Budget Preparer Bendahari",1,""
"","","","","","","bca5f67ba5","Rejected","Budgets Preparer (PTJ)","0","","",0,"","","6912d4530a","Pending Bendahari Verification","Reject","Rejected","Budget Preparer Bendahari",1,""
"","","","","","","787aadbacc","Not Approved","Budgets Approver","0","","",0,"","","5963d5f3a3","Pending Approval Bendahari","Approve Budget","Approved","Budgets Approver",1,""
"","","","","","","4bebb3e5ca","Approved","Budgets Approver","1","","",0,"","","0623887613","Pending Approval Bendahari","Reject","Rejected","Budgets Approver",1,""
"","","","","","","","","","","","","","","","75794f82b3","Pending Approval Bendahari","Not Approved","Not Approved","Budgets Approver",1,""
"Budget Transaction","Budget Transaction","workflow_state",1,0,0,"4342291870","Draft","Budgets User","0","","",0,"","","d145b327a4","Draft","Confirm","Pending Reviewer","Budgets User",1,""
"","","","","","","da7cdf1783","Pending Reviewer","Budgets Reviewer","0","","",0,"","","fdc3be06e2","Pending Reviewer","Confirm","Pending Approval","Budgets Reviewer",1,""
"","","","","","","9cfe18875f","Pending Approval","Budgets Approver","0","","",0,"","","8a5feb5506","Pending Approval","Approve","Approved","Budgets Approver",1,""
"","","","","","","15cc3d4d4f","Approved","Budgets Approver","1","","",0,"","","a66357c80b","Pending Approval","Reject","Draft","Budgets Approver",1,""
"","","","","","","3df9d33b5b","Rejected","Budgets Approver","0","","",0,"","","73dad10803","Approved","Cancel","Cancelled","Budgets Approver",1,""
"","","","","","","1c84bb4f94","Cancelled","Budgets Approver","2","","",0,"","","","","","","","",""
"Project","Project","workflow_state",1,0,0,"f2b9f7ecdd","Draft","Administrator","0","","",0,"","","8029fa4cd7","Draft","Confirm","Pending Reviewer","Administrator",1,""
"","","","","","","fe0026ac9a","Rejected","Administrator","0","","",0,"","","5636409594","Pending Reviewer","Confirm","Pending Approval","Administrator",1,""
"","","","","","","baff1db556","Pending Reviewer","Administrator","0","","",0,"","","77f59ac5ab","Pending Reviewer","Reject","Draft","Administrator",1,""
"","","","","","","42be1f0db2","Pending Approval","Administrator","0","","",0,"","","ccd82c4b99","Pending Approval","Approve","Approved","Administrator",1,""
"","","","","","","a35da0cb75","Approved","Administrator","1","","",0,"","","520c8c4f40","Pending Approval","Reject","Draft","Administrator",1,""
"","","","","","","ac68bce860","Cancelled","Administrator","2","","",0,"","","b3e14b7598","Approved","Cancel","Cancelled","Administrator",1,""
"Bulk Payment","Bulk Payments","workflow_state",1,0,0,"be9d35b542","Draft","Account Preparer","0","","",0,"","","cf492513b4","Draft","Confirm","On Hold","Account Preparer",1,""
"","","","","","","08b58521f3","On Hold","Account Preparer","0","","",0,"","","8efe8e83fa","On Hold","Approve","Approved","Account Approver",1,""
"","","","","","","b45a81e766","Approved","Account Approver","0","","",0,"","","19fbdd7775","Approved","Process","Pending Print","Account Approver",1,""
"","","","","","","66c80f6315","Pending Print","Account Approver","0","","",0,"","","77b5e27b9e","Pending Print","Release","Released","Account Approver",1,""
"","","","","","","d88aa8201b","Released","Account Approver","1","","",0,"","","","","","","","",""
"Loan Application","Loan Application","workflow_state",1,0,0,"f37cda4037","Draft","Employee","0","","",0,"","","a8fb04d200","Draft","Confirm","Pending Preparer (PTJ)","Employee",1,""
"","","","","","","4037796420","Pending Preparer (PTJ)","Loan Preparer (PTJ)","0","","",0,"","","9216738756","Pending Preparer (PTJ)","Confirm","Pending Approval (PTJ)","Loan Preparer (PTJ)",1,""
"","","","","","","4661d1890c","Rejected","Loan Preparer (PTJ)","0","","",0,"","","2502f6a9ca","Pending Preparer (PTJ)","Reject","Draft","Loan Preparer (PTJ)",1,""
"","","","","","","4a56e5c7b0","Pending Approval (PTJ)","Loan Approver (PTJ)","0","","",0,"","","d75cd6b297","Pending Approval (PTJ)","Approve","Pending Preparer Bendahari","Loan Approver (PTJ)",1,""
"","","","","","","e2480d8689","Rejected By KJ","Loan Approver (PTJ)","0","","",0,"","","1d7fab53d1","Pending Approval (PTJ)","Reject","Rejected By KJ","Loan Approver (PTJ)",1,""
"","","","","","","30029aeeb1","Pending Preparer Bendahari","Loan Preparer","0","","",0,"","","146145b2b9","Pending Preparer Bendahari","Confirm","Pending Approval Bendahari","Loan Preparer",1,""
"","","","","","","5006497e17","Pending Approval Bendahari","Loan Approver","0","","",0,"","","527dd4bbd2","Pending Preparer Bendahari","Reject","Rejected By Bendahari","Loan Preparer",1,""
"","","","","","","dd4733a7ea","Rejected By Bendahari","Loan Approver","0","","",0,"","","94378ab622","Pending Approval Bendahari","Approve","Approved","Loan Approver",1,""
"","","","","","","e62a5f5a06","Approved","Loan Approver","1","","",0,"","","7a454cf09b","Pending Approval Bendahari","Reject","Rejected By Bendahari","Loan Approver",1,""
"","","","","","","2fa6083777","Cancelled","Loan Approver","2","","",0,"","","5fbc815120","Approved","Cancel","Cancelled","Loan Approver",1,""
"Vot Book","Vot Book","workflow_state",0,0,0,"4bb0aa9e40","Draft","Budget Preparer (PTJ)","0","","",0,"","","d28fc399ba","Draft","Confirm","Confirmed","Budget Preparer (PTJ)",1,""
"","","","","","","8815be50a7","Confirmed","Budget Approver (PTJ)","0","","",0,"","","afaefed8b9","Confirmed","Approve","Approved","Budget Approver (PTJ)",1,""
"","","","","","","f8fcff33ce","Rejected","Budget Preparer (PTJ)","0","","",0,"","","251ba358e0","Confirmed","Reject","Rejected","Budget Approver (PTJ)",1,""
"","","","","","","13f083824c","Approved","Budget Approver (PTJ)","1","","",0,"","","","","","","","",""
"","","","","","","88ec160361","Cancelled","Budget Approver (PTJ)","2","","",0,"","","","","","","","",""
"Budget Ceiling Distribution","UMS Budget Ceiling Distribution","workflow_state",1,0,0,"2a5be1ace7","Draft","Budgets User","0","","",0,"","","0a6c3d35d8","Draft","Confirm","Pending Reviewer","Budgets User",1,""
"","","","","","","41955f137d","Pending Reviewer","Budgets Reviewer","0","","",0,"","","7a739b099b","Pending Reviewer","Confirm","Pending Approval","Budgets Reviewer",1,""
"","","","","","","c4672cbe28","Pending Approval","Budgets Approver","0","","",0,"","","54ad6a424b","Pending Approval","Approve","Approved","Budgets Approver",1,""
"","","","","","","2e6fc4e9ee","Approved","Budgets Approver","1","","",0,"","","31a1797087","Pending Approval","Reject","Draft","Budgets Approver",1,""
"","","","","","","a69535194d","Rejected","Budgets Approver","0","","",0,"","","1888c740c2","Approved","Cancel","Cancelled","Budgets Approver",1,""
"","","","","","","8e41cf7d65","Cancelled","Budgets Approver","2","","",0,"","","","","","","","",""
"Overtime Claim Application","Overtime Claim Application","workflow_state",1,0,0,"bdb9fe7fd9","Draft","Employee","0","","",0,"","","57ec1f75aa","Draft","Confirm","Pending Preparer (PTJ)","Employee",1,""
"","","","","","","8d9b05b651","Pending Preparer (PTJ)","Overtime Preparer (PTJ)","0","","",0,"","","f66e7d1316","Pending Preparer (PTJ)","Confirm","Pending Approval (PTJ)","Overtime Preparer (PTJ)",1,""
"","","","","","","eacb53f9ac","Pending Approval (PTJ)","Overtime Approver (PTJ)","0","","",0,"","","543480dfde","Pending Preparer (PTJ)","Reject","Rejected","Overtime Preparer (PTJ)",1,""
"","","","","","","b50ebf061a","Pending Preparer Bendahari","Overtime Preparer (Bendahari)","0","","",0,"","","299069c213","Pending Approval (PTJ)","Approve","Pending Preparer Bendahari","Overtime Approver (PTJ)",1,""
"","","","","","","e2271f1fb0","Pending Reviewer Bendahari","Overtime Reviewer (Bendahari)","0","","",0,"","","818ecda218","Pending Approval (PTJ)","Reject","Rejected","Overtime Approver (PTJ)",1,""
"","","","","","","7bcb9e61be","Pending Approval Bendahari","Overtime Approver (Bendahari)","0","","",0,"","","e9a7470b79","Pending Preparer Bendahari","Confirm","Pending Reviewer Bendahari","Overtime Preparer (Bendahari)",1,""
"","","","","","","801e09e988","Rejected","Employee","0","","",0,"","","fc93da4acb","Pending Preparer Bendahari","Reject","Rejected","Overtime Preparer (Bendahari)",1,""
"","","","","","","9a8de3248d","Approved","Overtime Approver (Bendahari)","1","","",0,"","","32ca3fc5e7","Pending Reviewer Bendahari","Confirm","Pending Approval Bendahari","Overtime Reviewer (Bendahari)",1,""
"","","","","","","c217bfd901","Cancelled","Overtime Approver (Bendahari)","2","","",0,"","","cf466d5b68","Pending Reviewer Bendahari","Reject","Rejected","Overtime Reviewer (Bendahari)",1,""
"","","","","","","","","","","","","","","","e8dfe71ec4","Pending Approval Bendahari","Approve","Approved","Overtime Approver (Bendahari)",1,""
"","","","","","","","","","","","","","","","eadf9c5388","Pending Approval Bendahari","Reject","Rejected","Overtime Approver (Bendahari)",1,""
"","","","","","","","","","","","","","","","3286c445ef","Approved","Cancel","Cancelled","Overtime Approver (Bendahari)",1,""
"","","","","","","","","","","","","","","","acd5346488","Rejected","Confirm","Pending Preparer (PTJ)","Employee",1,""
"Overtime Activity Registration","Overtime Activity Registration","workflow_state",1,0,0,"b7638a65ff","Draft","Employee","0","","",0,"","","d49da312d9","Draft","Confirm","Pending Approval (PTJ)","Employee",1,""
"","","","","","","40f6f224c9","Pending Approval (PTJ)","Overtime Approver (PTJ)","0","","",0,"","","9d6e4663e2","Pending Approval (PTJ)","Approve","Approved","Overtime Approver (PTJ)",1,""
"","","","","","","5b0ddb9fcb","Approved","Overtime Approver (PTJ)","1","","",0,"","","2fad8f1db6","Pending Approval (PTJ)","Reject","Draft","Overtime Approver (PTJ)",1,""
"","","","","","","a841f59860","Cancelled","Overtime Approver (PTJ)","2","","",0,"","","56a0bdea0a","Approved","Cancel","Cancelled","Overtime Approver (PTJ)",1,""
"Travel Request Workflow","Travel Request","workflow_state",0,0,0,"65ac495a3a","Draft","Employee","0","","",0,"","","c7db8a23f2","Draft","Confirm","Pending Preparer","Employee",1,""
"","","","","","","d6d65cf8ca","Pending Preparer","PO Preparer","0","","",0,"","","632c69f5d8","Rejected","Confirm","Pending Preparer","Employee",1,""
"","","","","","","35fa1fa371","Pending Approval","Approver (PTJ)","0","","",1,"","","823a6aacbb","Pending Preparer","Confirm","Pending Approval","PO Preparer",1,"doc.custom_hod_approver is None"
"","","","","","","b220a6d85e","Rejected","Employee","0","","",0,"","","030b754389","Pending Preparer","Confirm","Pending Approval (HOD)","PO Preparer",1,"doc.custom_hod_approver is not None"
"","","","","","","49803d6714","Approved","Approver (PTJ)","1","","",0,"","","841a671c8a","Pending Preparer","Reject","Rejected","PO Preparer",1,""
"","","","","","","11c7ffa7cf","Cancelled","Approver (PTJ)","2","","",0,"","","7a5d5ccd56","Pending Approval","Approve","Approved","Approver (PTJ)",0,""
"","","","","","","ecec58a827","Pending Approval (HOD)","HOD Claim Approver","0","","",1,"","","65674e214b","Pending Approval","Reject","Rejected","Approver (PTJ)",1,""
"","","","","","","","","","","","","","","","d4a91bc0cb","Pending Approval (HOD)","Approve","Approved","HOD Claim Approver",1,""
"","","","","","","","","","","","","","","","4c491bd743","Pending Approval (HOD)","Reject","Rejected","HOD Claim Approver",1,""
"Evaluation of Work Committee Report","Evaluation of Work Committee Report","workflow_state",1,0,0,"b954797ad0","Draft","PU Preparer (PTJ)","0","","",0,"","","d6ad02e28f","Draft","Confirm","Pending Hardcopy Submission","PU Preparer (PTJ)",1,""
"","","","","","","ac63c753ac","Pending Hardcopy Submission","PU Preparer Bendahari","0","","",0,"","","581b96d36a","Pending Hardcopy Submission","Confirm","Received","PU Preparer Bendahari",1,""
"","","","","","","d5f7a5be4b","Received","PU Preparer Bendahari","1","","",0,"","","b4df1f76ed","Received","Cancel","Cancelled","PU Preparer Bendahari",1,""
"","","","","","","11b1e9ed39","Cancelled","PU Preparer Bendahari","2","","",0,"","","","","","","","",""
"Price Evaluation Committee Report","Price Evaluation Committee Report","workflow_state",1,0,0,"4a1487f1e1","Draft","PU Preparer (PTJ)","0","","",0,"","","b10f307984","Draft","Confirm","Pending Hardcopy Submission","PU Preparer (PTJ)",1,""
"","","","","","","7fd189d941","Pending Hardcopy Submission","PU Preparer Bendahari","0","","",0,"","","39b7b4e5b6","Pending Hardcopy Submission","Confirm","Received","PU Preparer Bendahari",1,""
"","","","","","","25887e1902","Received","PU Preparer Bendahari","1","","",0,"","","","","","","","",""
"Integrity Pact","Integrity Pact","workflow_state",1,0,0,"78df411b21","Pending Sign","Employee","0","","",0,"","","1abc73d09c","Pending Sign","Confirm","Signed","Employee",1,""
"","","","","","","53e52f8e16","Signed","PU Preparer Bendahari","1","","",0,"","","","","","","","",""
"Vendor Registration","Vendor Registration","workflow_state",1,0,0,"6220279539","Draft","PU Preparer (Zon)","0","","",0,"","","ccc0c0b427","Draft","Confirm","Pending Approval","PU Preparer (Zon)",1,""
"","","","","","","527b074897","Pending Approval","PU Preparer (Zon)","0","","",0,"","","3e820c05fd","Pending Approval","Confirm","Approved","PU Approver (Zon)",1,""
"","","","","","","47d09ba69f","Approved","PU Approver (Zon)","0","","",0,"","","64d6ebf169","Pending Approval","Reject","Draft","PU Approver (Zon)",1,""
"Technical Evaluation Committee Report","Technical Evaluation Committee Report","workflow_state",1,0,0,"bb86fe9a16","Draft","PU Preparer (PTJ)","0","","",0,"","","e8b92ae63f","Draft","Confirm","Pending Hardcopy Submission","PU Preparer (PTJ)",1,""
"","","","","","","042c747f18","Pending Hardcopy Submission","PU Preparer Bendahari","0","","",0,"","","ba60f56e6f","Pending Hardcopy Submission","Confirm","Received","PU Preparer Bendahari",1,""
"","","","","","","29695367f5","Received","PU Preparer Bendahari","1","","",0,"","","fdc49521ad","Received","Cancel","Cancelled","PU Preparer Bendahari",1,""
"","","","","","","7a0e0f29f6","Cancelled","PU Preparer Bendahari","2","","",0,"","","","","","","","",""
"Tender Offer","PU Tender Offer","workflow_state",1,0,0,"357e4473db","Draft","PU Preparer Bendahari","0","","",0,"","","5f1893913d","Draft","Confirm","Pending Approval Bendahari","PU Preparer Bendahari",1,""
"","","","","","","fbbb5f89ca","Pending Approval Bendahari","PU Preparer Bendahari","0","","",0,"","","4c41d98aaa","Pending Approval Bendahari","Approve","Approved","PU Approver Bendahari",1,""
"","","","","","","c3f96b0fbd","Approved","PU Approver Bendahari","0","","",0,"","","","","","","","",""
"Procurement Meeting","Procurement Meeting","workflow_state",1,0,0,"df3dcef87f","Draft","PU Preparer Bendahari","0","","",0,"","","757e858faf","Draft","Confirm","Pending Approval Bendahari","PU Preparer Bendahari",1,""
"","","","","","","69b998392c","Pending Approval Bendahari","PU Preparer Bendahari","0","","",0,"","","2569f30d7c","Pending Approval Bendahari","Approve","Approved","PU Approver Bendahari",1,""
"","","","","","","401267b58a","Approved","PU Approver Bendahari","0","","",0,"","","","","","","","",""
"Tender Bidding","Tender Bidding","workflow_state",1,0,0,"2a6e022763","Draft","JK Pembukaan","0","","",0,"","","46d85a23b2","Draft","Confirm","Pending Preparer","JK Pembukaan",1,""
"","","","","","","bfabc54ce4","Pending Preparer","JK Pembukaan","0","","",0,"","","a581816d29","Pending Preparer","Confirm","Pending Approval","PU Preparer Bendahari",1,""
"","","","","","","8d115712cd","Pending Approval","PU Preparer Bendahari","0","","",0,"","","3a43453370","Pending Approval","Confirm","Approved","PU Approver Bendahari",1,""
"","","","","","","a6fb576c4a","Approved","PU Approver Bendahari","0","","",0,"","","","","","","","",""
"Salary Witheld","Salary Witheld","workflow_state",1,0,0,"d025e4312b","Draft","HR User","0","","",0,"","","17f2b100a9","Draft","Submit","Submitted","HR User",1,""
"","","","","","","5f3af03efc","Submitted","HR User","1","","",0,"","","82d451dee1","Submitted","Cancel","Cancelled","HR User",1,""
"","","","","","","8179dbc115","Cancelled","HR User","2","","",0,"","","","","","","","",""
"Analysis Service","Analysis Service Application","workflow_state",0,0,1,"8d80fc8bd1","Draft","Employee","0","workflow_state","Draft",0,"","","6ef77306b5","Draft","Submit","Applied","Employee",1,""
"","","","","","","30af1742b6","Applied","Employee","0","workflow_state","Applied",0,"","","194a507924","Applied","Approve","Approved By SV/HOD","Employee",1,""
"","","","","","","36c9376475","Approved By SV/HOD","Employee","0","workflow_state","Approved By SV/HOD",0,"","","db0c20dee8","Applied","Reject","Rejected By SV/HOD","Employee",1,""
"","","","","","","8b356d7a08","Rejected By SV/HOD","Employee","0","workflow_state","Rejected By SV/HOD",0,"","","ac523617c1","Approved By SV/HOD","Verify","Pending For Invoice","Instrument Manager",1,""
"","","","","","","acf4ed7c3f","Approved By Instrument Manager","Instrument Manager","0","workflow_state","Approved By Instrument Manager",0,"","","1e1b84aade","Pending For Invoice","Create Invoice","Invoiced","Instrument Secretariat",1,""
"","","","","","","a56b278032","Pending For Invoice","Instrument Secretariat","0","workflow_state","Pending For Invoice",0,"","","11bcddb6fd","Invoiced","Make Payment","Paid","Employee",1,""
"","","","","","","bf9d55e09b","Invoiced","Employee","0","workflow_state","Invoiced",0,"","","0733035c38","Unpaid","Make Payment","Paid","Employee",1,""
"","","","","","","12f474f423","Paid","Employee","0","workflow_state","Paid",0,"","","d7308a4348","Paid","Verify","Analysis Process","Instrument Manager",1,""
"","","","","","","9e55bd4b7a","Unpaid","Employee","0","workflow_state","Unpaid",0,"","","b350b2d844","Analysis Process","Update","Analysis Result","Instrument Manager",1,""
"","","","","","","9e7876dbd2","Application Rejected","Employee","0","workflow_state","Application Rejected",0,"","","aeb17ad497","Analysis Process","Kiv","Reschedule Analysis","Instrument Manager",1,""
"","","","","","","195045f56d","Analysis Process","Instrument Manager","0","workflow_state","Analysis Process",0,"","","3ca6e6ef43","Reschedule Analysis","Update","Analysis Process","Instrument Manager",1,""
"","","","","","","1e99ccec09","Analysis Result","Instrument Manager","0","workflow_state","Analysis Result",0,"","","6d62d15d2b","Analysis Result","Confirm","Completed","Instrument Manager",1,""
"","","","","","","3f67199255","Reschedule Analysis","Instrument Manager","0","workflow_state","Reschedule Analysis",0,"","","","","","","","",""
"","","","","","","6981f46af6","Completed","Instrument Manager","0","workflow_state","Completed",0,"","","","","","","","",""
"Loan","Loan","workflow_state",0,0,0,"62812908c5","Draft","Loan Preparer (PTJ)","0","","",0,"","","2ffb8404fe","Draft","Confirm","Pending Approval","Loan Preparer (PTJ)",1,""
"","","","","","","bb8f230e87","Pending Approval","Loan Approver (PTJ)","0","","",0,"","","5886ef5846","Pending Approval","Approve","Approved","Loan Approver (PTJ)",1,""
"","","","","","","04a294c169","Rejected","Loan Preparer (PTJ)","0","","",0,"","","a94cb72d11","Pending Approval","Reject","Rejected","Loan Approver (PTJ)",1,""
"","","","","","","97618f2412","Approved","Loan Approver (PTJ)","1","","",0,"","","40519d199d","Rejected","Confirm","Pending Approval","Loan Preparer (PTJ)",1,""
"","","","","","","bc88646a4d","Cancelled","Loan Approver (PTJ)","2","","",0,"","","e417d42a4b","Approved","Cancel","Cancelled","Loan Approver (PTJ)",1,""
"Advance Application Workflow","Advance Application","workflow_state",1,0,0,"cb068263df","Draft","Employee","0","","",0,"","","61728282dd","Draft","Confirm","Pending Preparer (PTJ)","Employee",1,""
"","","","","","","ea0f0ad310","Pending Preparer (PTJ)","PO Preparer","0","","",0,"","","699d9e462d","Pending Preparer (PTJ)","Confirm","Pending Approval (PTJ)","PO Preparer",1,""
"","","","","","","15c96421a9","Pending Approval (PTJ)","Approver (PTJ)","0","","",0,"","","ba9267b8bb","Pending Preparer (PTJ)","Reject","Rejected","PO Preparer",1,""
"","","","","","","8e66666b4d","Rejected By KJ","Employee","0","","",0,"","","2624c99051","Pending Approval (PTJ)","Approve","Pending Preparer Bendahari","Approver (PTJ)",1,""
"","","","","","","29ddd716ed","Approved (PTJ)","PO Bendahari","0","","",0,"","","cc2aaeef59","Pending Approval (PTJ)","Reject","Rejected","Approver (PTJ)",1,""
"","","","","","","4e2f1fa579","Pending Preparer Bendahari","PO Bendahari","0","","",0,"","","a2adb13554","Pending Preparer Bendahari","Confirm","Pending Approval Bendahari","PO Bendahari",1,""
"","","","","","","97de87a041","Pending Approval Bendahari","Approver Bendahari","0","","",0,"","","f2a07afd33","Pending Preparer Bendahari","Reject","Rejected","PO Bendahari",1,""
"","","","","","","22b448c9eb","Rejected","Employee","0","","",0,"","","12d552a129","Pending Approval Bendahari","Approve","Approved","Approver Bendahari",1,""
"","","","","","","28d8821f10","Approved","Approver Bendahari","1","","",0,"","","88a6878695","Pending Approval Bendahari","Reject","Rejected","Approver Bendahari",1,""
"","","","","","","4694cfb025","Cancelled","Approver Bendahari","2","","",0,"","","63c35b1931","Pending Approval Bendahari","Not Approved","Not Approved","Approver Bendahari",1,""
"","","","","","","3002795b9d","Rejected","Employee","0","","",0,"","","fdab3bf2d1","Rejected","Confirm","Pending Preparer (PTJ)","Employee",1,""
"","","","","","","b33d026737","Not Approved","Approver Bendahari","0","","",0,"","","26eca10893","Approved","Cancel","Cancelled","Approver Bendahari",1,""
"Vote Book","Vot Book","workflow_state",0,0,0,"b51bedfab8","Draft","PO Preparer","0","","",0,"","","95222e4095","Draft","Confirm","Confirmed","PO Preparer",1,""
"","","","","","","936ec90a17","Confirmed","Approver","0","","",0,"","","c5897748b7","Confirmed","Approve","Approved","Approver",1,""
"","","","","","","977a028d82","Rejected","PO Preparer","0","","",0,"","","d2a22db283","Confirmed","Reject","Rejected","Approver",1,""
"","","","","","","9c5e7706d4","Approved","Approver","0","","",0,"","","","","","","","",""
"Letter Of Intent","PU Letter Of Intent","workflow_state",1,0,0,"58fe4559bc","Draft","PU Preparer Bendahari","0","","",0,"","","dc4ab643c9","Draft","Confirm","Pending Approval Bendahari","PU Preparer Bendahari",1,""
"","","","","","","58d5bb0414","Pending Approval Bendahari","PU Preparer Bendahari","0","","",0,"","","5dfd861ccd","Pending Approval Bendahari","Approve","Approved","PU Approver Bendahari",1,""
"","","","","","","92887ed9df","Approved","PU Approver Bendahari","0","","",0,"","","","","","","","",""
"Purchase Invoice","Purchase Invoice","workflow_state",1,1,0,"3e08b84873","Draft","AP Preparer","0","","",0,"","","58532a4499","Draft","Confirm","Pending Reviewer","AP Preparer",1,""
"","","","","","","1f502e4c4c","Pending Reviewer","AP Reviewer","0","","",0,"","","386edea5c3","Pending Reviewer","Confirm","Pending Approval","AP Reviewer",1,""
"","","","","","","c1b04b0fc3","Rejected","AP Preparer","0","","",0,"","","8059c6d2b1","Pending Reviewer","Reject","Draft","AP Reviewer",1,""
"","","","","","","213fa6525a","Pending Approval","AP Approver","0","","",0,"","","ab7e2c0dcf","Pending Approval","Approve","Approved","AP Approver",1,""
"","","","","","","e2fa83da68","Approved","AP Approver","1","","",0,"","","20b81a80d3","Pending Approval","Reject","Draft","AP Preparer",1,""
"","","","","","","edcb105a64","Cancelled","AP Approver","2","","",0,"","","3b6f2a29a7","Approved","Cancel","Cancelled","AP Approver",1,""
